lamp_num,generator,ranker,view,bin,n,delta,p,sig
1,flanT5Small,bm25,EE-D interval,"[.0,.2)",102,-0.05784313725490203,0.4950867762056338,
1,flanT5Small,bm25,EE-D interval,"[.2,.4)",1,-0.4176470588235294,,
1,flanT5Small,bm25,EE-D interval,"[.4,.6)",12,0.07679738562091504,0.6355906760316421,
1,flanT5Small,bm25,EE-D interval,"[.6,.8)",27,0.04901960784313725,0.6756291069584339,
1,flanT5Small,bm25,EE-D interval,"[.8,1.0]",62,-0.03001265022137889,0.751103836017213,
1,flanT5Small,bm25,ILD quartile,Q1,51,-0.1901960784313726,0.04352863524111642,*
1,flanT5Small,bm25,ILD quartile,Q2,51,-0.016993464052287577,0.8613679103902078,
1,flanT5Small,bm25,ILD quartile,Q3,51,0.05098039215686273,0.6010238650698118,
1,flanT5Small,bm25,ILD quartile,Q4,51,0.0398692810457516,0.6889651455823557,
1,flanT5Small,contriever,EE-D interval,"[.0,.2)",94,-0.02924488944513981,0.733325084449521,
1,flanT5Small,contriever,EE-D interval,"[.2,.4)",9,-0.20915032679738566,0.22330194908930115,
1,flanT5Small,contriever,EE-D interval,"[.4,.6)",15,-0.19803921568627453,0.1281720255914884,
1,flanT5Small,contriever,EE-D interval,"[.6,.8)",30,0.1669607843137254,0.12647549950910586,
1,flanT5Small,contriever,EE-D interval,"[.8,1.0]",56,-0.01887254901960783,0.8446171618851674,
1,flanT5Small,contriever,ILD quartile,Q1,51,-0.1470588235294118,0.1079534546233289,
1,flanT5Small,contriever,ILD quartile,Q2,51,-0.0784313725490196,0.4149030229695378,
1,flanT5Small,contriever,ILD quartile,Q3,51,0.11176470588235288,0.2576373440369825,
1,flanT5Small,contriever,ILD quartile,Q4,51,0.042156862745098,0.6717293016821898,
1,flanT5Base,bm25,EE-D interval,"[.0,.2)",364,-0.22553997726411512,5.456982210822354e-10,**
1,flanT5Base,bm25,EE-D interval,"[.2,.4)",115,-0.07320839580209892,0.0819601386163358,
1,flanT5Base,bm25,EE-D interval,"[.4,.6)",42,-0.04055829228243024,0.5650499723744716,
1,flanT5Base,bm25,EE-D interval,"[.6,.8)",108,-0.04538633461047259,0.36162127628085017,
1,flanT5Base,bm25,EE-D interval,"[.8,1.0]",299,-0.019830469380694327,0.6209180378763623,
1,flanT5Base,bm25,ILD quartile,Q1,232,-0.005603448275862122,0.8906833530692082,
1,flanT5Base,bm25,ILD quartile,Q2,232,-0.07133620689655173,0.07416584462743196,
1,flanT5Base,bm25,ILD quartile,Q3,232,-0.1448275862068965,0.00024696504595668657,**
1,flanT5Base,bm25,ILD quartile,Q4,232,-0.22241379310344822,2.930027923791721e-08,**
1,flanT5Base,contriever,EE-D interval,"[.0,.2)",391,-0.13968383455331157,0.00011644999780423119,**
1,flanT5Base,contriever,EE-D interval,"[.2,.4)",75,0.017091954022988465,0.7215558984913192,
1,flanT5Base,contriever,EE-D interval,"[.4,.6)",65,-0.06301061007957565,0.2920730256667779,
1,flanT5Base,contriever,EE-D interval,"[.6,.8)",136,0.053714503042596284,0.24445207480401857,
1,flanT5Base,contriever,EE-D interval,"[.8,1.0]",261,0.0073754789272030274,0.8627427899460959,
1,flanT5Base,contriever,ILD quartile,Q1,232,0.042241379310344884,0.3125009274376619,
1,flanT5Base,contriever,ILD quartile,Q2,232,-0.07306034482758617,0.07508807047994942,
1,flanT5Base,contriever,ILD quartile,Q3,232,-0.04762931034482765,0.22969074672587936,
1,flanT5Base,contriever,ILD quartile,Q4,232,-0.1293103448275862,0.0014131170722814891,**
4,flanT5Small,bm25,EE-D interval,"[.0,.2)",142,-0.11470310747867116,1.2476829990166447e-14,**
4,flanT5Small,bm25,EE-D interval,"[.2,.4)",47,-0.022813674334409006,0.3865623304012461,
4,flanT5Small,bm25,EE-D interval,"[.4,.6)",35,-0.013926884036419063,0.6492377147336538,
4,flanT5Small,bm25,EE-D interval,"[.6,.8)",71,-0.05003657356998678,0.053542588875077464,
4,flanT5Small,bm25,EE-D interval,"[.8,1.0]",838,-0.004504472879910848,0.756345345026629,
4,flanT5Small,bm25,ILD quartile,Q1,284,0.035064269299317885,0.07553291878629802,
4,flanT5Small,bm25,ILD quartile,Q2,283,-0.02277198253111662,0.22083899567360712,
4,flanT5Small,bm25,ILD quartile,Q3,283,-0.055832319539062786,0.0018439229881840207,**
4,flanT5Small,bm25,ILD quartile,Q4,283,-0.045541006674710505,0.016868147570477773,*
4,flanT5Small,contriever,EE-D interval,"[.0,.2)",1117,-0.10207928169340327,4.279395937243552e-20,**
4,flanT5Small,contriever,EE-D interval,"[.2,.4)",329,-0.04378771307999296,0.001331670187444521,**
4,flanT5Small,contriever,EE-D interval,"[.4,.6)",404,-0.013224842324889352,0.34226807183631813,
4,flanT5Small,contriever,EE-D interval,"[.6,.8)",452,0.018495853983116373,0.20218130742439497,
4,flanT5Small,contriever,EE-D interval,"[.8,1.0]",1030,0.002241109163897914,0.8647538394236183,
4,flanT5Small,contriever,ILD quartile,Q1,833,0.022859363789945963,0.0706399601189261,
4,flanT5Small,contriever,ILD quartile,Q2,833,-0.012204922144268104,0.3399878288187063,
4,flanT5Small,contriever,ILD quartile,Q3,833,-0.06886422038260176,1.0687212145734963e-08,**
4,flanT5Small,contriever,ILD quartile,Q4,833,-0.08957303412612644,3.5400579870253724e-13,**
4,flanT5Base,bm25,EE-D interval,"[.0,.2)",1050,-0.07964817756474635,8.540625821006924e-13,**
4,flanT5Base,bm25,EE-D interval,"[.2,.4)",376,-0.01756587609415572,0.19732168090395835,
4,flanT5Base,bm25,EE-D interval,"[.4,.6)",348,0.021647820088306735,0.16370991272380994,
4,flanT5Base,bm25,EE-D interval,"[.6,.8)",486,0.0020177611070137935,0.8953117184975289,
4,flanT5Base,bm25,EE-D interval,"[.8,1.0]",1048,0.0011414078525146532,0.9319605645429069,
4,flanT5Base,bm25,ILD quartile,Q1,827,0.03625885174482035,0.006605933273959914,**
4,flanT5Base,bm25,ILD quartile,Q2,827,-0.016457883459443212,0.21402140334977915,
4,flanT5Base,bm25,ILD quartile,Q3,827,-0.04498836359085212,0.00024508007065748795,**
4,flanT5Base,bm25,ILD quartile,Q4,827,-0.07218272215064528,3.113808530561942e-09,**
4,flanT5Base,contriever,EE-D interval,"[.0,.2)",1088,-0.129363591842245,1.5964797548566956e-27,**
4,flanT5Base,contriever,EE-D interval,"[.2,.4)",330,-0.04224124011836622,0.004137935034149408,**
4,flanT5Base,contriever,EE-D interval,"[.4,.6)",406,0.00048175228075880705,0.9757413707529647,
4,flanT5Base,contriever,EE-D interval,"[.6,.8)",467,-0.012088527861678855,0.4447726283712312,
4,flanT5Base,contriever,EE-D interval,"[.8,1.0]",1017,0.0031370422433831813,0.8268291116838029,
4,flanT5Base,contriever,ILD quartile,Q1,827,0.01076913500515747,0.43876644556923555,
4,flanT5Base,contriever,ILD quartile,Q2,827,-0.020954737071352814,0.13150461916247555,
4,flanT5Base,contriever,ILD quartile,Q3,827,-0.06895994728186872,1.4048487550079658e-07,**
4,flanT5Base,contriever,ILD quartile,Q4,827,-0.11063265656163204,7.1666419541484e-17,**
