lamp_num,generator_name,ranker,method,setting,n,det_eu_norm,mean_eu_norm,delta_eu,mean_ild_norm,p,stars
1,flanT5Base,bm25,mmr,mmr_l0.3,232,0.6810344827586207,0.646551724137931,-0.03448275862068961,0.9871081446311106,0.43286348760526355,
1,flanT5Base,bm25,mmr,mmr_l0.45,232,0.6810344827586207,0.6594827586206896,-0.02155172413793105,0.9819015826935357,0.6223812890113807,
1,flanT5Base,bm25,mmr,mmr_l0.55,232,0.6810344827586207,0.6594827586206896,-0.02155172413793105,0.9785405313257902,0.6223812890113807,
1,flanT5Base,bm25,mmr,mmr_l0.7,232,0.6810344827586207,0.6724137931034483,-0.008620689655172376,0.9754509814535349,0.8430630610084172,
1,flanT5Base,bm25,mmr,mmr_l0.85,232,0.6810344827586207,0.6767241379310345,-0.004310344827586188,0.9693482301147573,0.9210106242402757,
1,flanT5Base,bm25,mmr,mmr_l0.9,232,0.6810344827586207,0.6724137931034483,-0.008620689655172376,0.9671365204050912,0.8430630610084172,
1,flanT5Base,bm25,mmr,mmr_l0.95,232,0.6810344827586207,0.6810344827586207,0.0,0.9652960802955365,1.0,
1,flanT5Base,bm25,pl,pl_a1,232,0.6810344827586207,0.46594827586206894,-0.21508620689655172,0.9835646111025977,2.520235916950744e-08,**
1,flanT5Base,bm25,pl,pl_a2,232,0.6810344827586207,0.509051724137931,-0.17198275862068968,0.9812006107374475,6.389482471337298e-06,**
1,flanT5Base,bm25,pl,pl_a4,232,0.6810344827586207,0.634051724137931,-0.04698275862068968,0.9666888884515185,0.2468830396412612,
1,flanT5Base,bm25,pl,pl_a8,232,0.6810344827586207,0.6749999999999999,-0.0060344827586207295,0.9634866952927887,0.8881969437726362,
1,flanT5Base,contriever,mmr,mmr_l0.3,232,0.6422413793103449,0.625,-0.017241379310344862,0.9915700062055784,0.7006825197812957,
1,flanT5Base,contriever,mmr,mmr_l0.45,232,0.6422413793103449,0.6293103448275862,-0.012931034482758674,0.9823384261952494,0.772848769405159,
1,flanT5Base,contriever,mmr,mmr_l0.55,232,0.6422413793103449,0.6508620689655172,0.008620689655172376,0.9788232168057354,0.846406382396457,
1,flanT5Base,contriever,mmr,mmr_l0.7,232,0.6422413793103449,0.646551724137931,0.004310344827586188,0.9727087867304204,0.9229497602180122,
1,flanT5Base,contriever,mmr,mmr_l0.85,232,0.6422413793103449,0.6422413793103449,0.0,0.9670093290626873,1.0,
1,flanT5Base,contriever,mmr,mmr_l0.9,232,0.6422413793103449,0.6336206896551724,-0.008620689655172487,0.9637474342318304,0.847213906557339,
1,flanT5Base,contriever,mmr,mmr_l0.95,232,0.6422413793103449,0.6336206896551724,-0.008620689655172487,0.9610551205622029,0.847213906557339,
1,flanT5Base,contriever,pl,pl_a1,232,0.6422413793103449,0.4978448275862069,-0.14439655172413796,0.9835803115364603,0.00020815494391684323,**
1,flanT5Base,contriever,pl,pl_a2,232,0.6422413793103449,0.555603448275862,-0.0866379310344828,0.9808521318284863,0.024882187408636517,*
1,flanT5Base,contriever,pl,pl_a4,232,0.6422413793103449,0.664655172413793,0.022413793103448154,0.9610212730408776,0.5861742627339197,
1,flanT5Base,contriever,pl,pl_a8,232,0.6422413793103449,0.6461206896551724,0.00387931034482758,0.9584031026816398,0.9300541123220303,
1,flanT5Small,bm25,mmr,mmr_l0.3,51,0.45098039215686275,0.43137254901960786,-0.019607843137254888,0.987826328325338,0.843846450479693,
1,flanT5Small,bm25,mmr,mmr_l0.45,51,0.45098039215686275,0.4117647058823529,-0.03921568627450983,0.9810211107206814,0.6927911138456716,
1,flanT5Small,bm25,mmr,mmr_l0.55,51,0.45098039215686275,0.4117647058823529,-0.03921568627450983,0.97845253174895,0.6927911138456716,
1,flanT5Small,bm25,mmr,mmr_l0.7,51,0.45098039215686275,0.4117647058823529,-0.03921568627450983,0.9724050726704717,0.6927911138456716,
1,flanT5Small,bm25,mmr,mmr_l0.85,51,0.45098039215686275,0.45098039215686275,0.0,0.9694748647925797,1.0,
1,flanT5Small,bm25,mmr,mmr_l0.9,51,0.45098039215686275,0.45098039215686275,0.0,0.9644271604302596,1.0,
1,flanT5Small,bm25,mmr,mmr_l0.95,51,0.45098039215686275,0.45098039215686275,0.0,0.9608279868782097,1.0,
1,flanT5Small,bm25,pl,pl_a1,51,0.45098039215686275,0.39215686274509803,-0.05882352941176472,0.9821094455744963,0.5453692196809731,
1,flanT5Small,bm25,pl,pl_a2,51,0.45098039215686275,0.4019607843137255,-0.04901960784313725,0.9799796564282588,0.6123772977463451,
1,flanT5Small,bm25,pl,pl_a4,51,0.45098039215686275,0.45098039215686275,0.0,0.9638119161183457,0.9999999999999996,
1,flanT5Small,bm25,pl,pl_a8,51,0.45098039215686275,0.45098039215686275,0.0,0.9600889973244657,1.0,
1,flanT5Small,contriever,mmr,mmr_l0.3,51,0.43137254901960786,0.45098039215686275,0.019607843137254888,0.9870798931477116,0.843846450479693,
1,flanT5Small,contriever,mmr,mmr_l0.45,51,0.43137254901960786,0.43137254901960786,0.0,0.9758188317391051,1.0,
1,flanT5Small,contriever,mmr,mmr_l0.55,51,0.43137254901960786,0.43137254901960786,0.0,0.9738425304996928,1.0,
1,flanT5Small,contriever,mmr,mmr_l0.7,51,0.43137254901960786,0.43137254901960786,0.0,0.9700274295859818,1.0,
1,flanT5Small,contriever,mmr,mmr_l0.85,51,0.43137254901960786,0.45098039215686275,0.019607843137254888,0.9636723488178979,0.843846450479693,
1,flanT5Small,contriever,mmr,mmr_l0.9,51,0.43137254901960786,0.43137254901960786,0.0,0.9595895654914793,1.0,
1,flanT5Small,contriever,mmr,mmr_l0.95,51,0.43137254901960786,0.43137254901960786,0.0,0.9575136492534534,1.0,
1,flanT5Small,contriever,pl,pl_a1,51,0.43137254901960786,0.39215686274509803,-0.03921568627450983,0.9822165582833312,0.6863339512035023,
1,flanT5Small,contriever,pl,pl_a2,51,0.43137254901960786,0.38823529411764707,-0.0431372549019608,0.9786992288174502,0.657153820241095,
1,flanT5Small,contriever,pl,pl_a4,51,0.43137254901960786,0.4392156862745098,0.007843137254901933,0.9587367905774276,0.9346473201171012,
1,flanT5Small,contriever,pl,pl_a8,51,0.43137254901960786,0.4294117647058823,-0.0019607843137255387,0.9571238724809169,0.9842133839558691,
2,flanT5Base,bm25,mmr,mmr_l0.3,280,0.3,0.31785714285714284,0.01785714285714285,0.9836638628259498,0.6481712277481152,
2,flanT5Base,bm25,mmr,mmr_l0.45,280,0.3,0.30714285714285716,0.007142857142857173,0.980211381700256,0.8544831931435433,
2,flanT5Base,bm25,mmr,mmr_l0.55,280,0.3,0.2892857142857143,-0.010714285714285676,0.979039783722468,0.7814181609927265,
2,flanT5Base,bm25,mmr,mmr_l0.7,280,0.3,0.30714285714285716,0.007142857142857173,0.9777644475642825,0.8544831931435433,
2,flanT5Base,bm25,mmr,mmr_l0.85,280,0.3,0.29642857142857143,-0.0035714285714285587,0.9765942447281867,0.9265663323362351,
2,flanT5Base,bm25,mmr,mmr_l0.9,280,0.3,0.29285714285714287,-0.0071428571428571175,0.9765308405338264,0.8535010033777789,
2,flanT5Base,bm25,mmr,mmr_l0.95,280,0.3,0.29642857142857143,-0.0035714285714285587,0.9764810179998601,0.9265663323362351,
2,flanT5Base,bm25,pl,pl_a1,280,0.3,0.3357142857142857,0.0357142857142857,0.9881018831108112,0.30022700336073826,
2,flanT5Base,bm25,pl,pl_a2,280,0.3,0.32142857142857145,0.021428571428571463,0.9849170890476633,0.537034967731464,
2,flanT5Base,bm25,pl,pl_a4,280,0.3,0.3146428571428571,0.014642857142857124,0.9776649139057209,0.6829395517900119,
2,flanT5Base,bm25,pl,pl_a8,280,0.3,0.305,0.0050000000000000044,0.9763647534805565,0.8963412882318702,
2,flanT5Base,contriever,mmr,mmr_l0.3,280,0.30714285714285716,0.34285714285714286,0.0357142857142857,0.9956597738011701,0.36783783082111154,
2,flanT5Base,contriever,mmr,mmr_l0.45,280,0.30714285714285716,0.33214285714285713,0.024999999999999967,0.9911320161905175,0.5267281451734165,
2,flanT5Base,contriever,mmr,mmr_l0.55,280,0.30714285714285716,0.32857142857142857,0.021428571428571408,0.9899498628748772,0.5868803675396311,
2,flanT5Base,contriever,mmr,mmr_l0.7,280,0.30714285714285716,0.3107142857142857,0.0035714285714285587,0.9884481396524198,0.9272918201169291,
2,flanT5Base,contriever,mmr,mmr_l0.85,280,0.30714285714285716,0.31785714285714284,0.010714285714285676,0.9879224602825711,0.7849275064778775,
2,flanT5Base,contriever,mmr,mmr_l0.9,280,0.30714285714285716,0.3142857142857143,0.0071428571428571175,0.9876612983772256,0.8554118364731255,
2,flanT5Base,contriever,mmr,mmr_l0.95,280,0.30714285714285716,0.3142857142857143,0.0071428571428571175,0.9873910743081213,0.8554118364731255,
2,flanT5Base,contriever,pl,pl_a1,280,0.30714285714285716,0.30714285714285716,0.0,0.9911135399365805,1.0,
2,flanT5Base,contriever,pl,pl_a2,280,0.30714285714285716,0.3189285714285714,0.011785714285714233,0.9901661619037004,0.733922478296644,
2,flanT5Base,contriever,pl,pl_a4,280,0.30714285714285716,0.3457142857142857,0.038571428571428534,0.9870404749909539,0.28387707369732584,
2,flanT5Base,contriever,pl,pl_a8,280,0.30714285714285716,0.3242857142857143,0.017142857142857126,0.9871658741481699,0.6564191909512738,
2,flanT5Small,bm25,mmr,mmr_l0.3,100,0.3333333333333333,0.28,-0.05333333333333329,0.9841599719380874,0.3468540446308627,
2,flanT5Small,bm25,mmr,mmr_l0.45,192,0.3333333333333333,0.3697916666666667,0.03645833333333337,0.9821212815263505,0.4556692215853275,
2,flanT5Small,bm25,mmr,mmr_l0.55,192,0.3333333333333333,0.3489583333333333,0.015625,0.9808427560653282,0.7475389637824492,
2,flanT5Small,bm25,mmr,mmr_l0.7,100,0.3333333333333333,0.23,-0.1033333333333333,0.9780462029256246,0.05850191940233683,
2,flanT5Small,bm25,mmr,mmr_l0.85,192,0.3333333333333333,0.328125,-0.005208333333333315,0.9781975927159542,0.9139051794167192,
2,flanT5Small,bm25,mmr,mmr_l0.9,192,0.3333333333333333,0.328125,-0.005208333333333315,0.9780327699944459,0.9139051794167192,
2,flanT5Small,bm25,mmr,mmr_l0.95,192,0.3333333333333333,0.3333333333333333,0.0,0.9779691660933548,1.0,
2,flanT5Small,bm25,pl,pl_a1,192,0.3333333333333333,0.35000000000000003,0.01666666666666672,0.9899614513399063,0.7129095850968452,
2,flanT5Small,bm25,pl,pl_a2,192,0.3333333333333333,0.34791666666666665,0.014583333333333337,0.9866465620184154,0.7481571790246687,
2,flanT5Small,bm25,pl,pl_a4,192,0.3333333333333333,0.32708333333333334,-0.006249999999999978,0.9792878078769035,0.8917105947499157,
2,flanT5Small,bm25,pl,pl_a8,192,0.3333333333333333,0.3307291666666667,-0.0026041666666666297,0.9780725649134346,0.9564940740591608,
2,flanT5Small,contriever,mmr,mmr_l0.3,100,0.375,0.34,-0.034999999999999976,0.995908605198856,0.5544146356321235,
2,flanT5Small,contriever,mmr,mmr_l0.45,192,0.375,0.390625,0.015625,0.9924389929532964,0.7535571349078868,
2,flanT5Small,contriever,mmr,mmr_l0.55,192,0.375,0.3802083333333333,0.005208333333333315,0.9913591426190743,0.9164374953347866,
2,flanT5Small,contriever,mmr,mmr_l0.7,100,0.375,0.3,-0.07500000000000001,0.9876746573964461,0.19635181868421286,
2,flanT5Small,contriever,mmr,mmr_l0.85,192,0.375,0.3854166666666667,0.010416666666666685,0.9890740446452138,0.8340048303523216,
2,flanT5Small,contriever,mmr,mmr_l0.9,192,0.375,0.3854166666666667,0.010416666666666685,0.9888457606360217,0.8340048303523216,
2,flanT5Small,contriever,mmr,mmr_l0.95,192,0.375,0.375,0.0,0.9885358909810993,1.0,
2,flanT5Small,contriever,pl,pl_a1,192,0.375,0.35520833333333335,-0.019791666666666652,0.9925968714733903,0.6652626507293743,
2,flanT5Small,contriever,pl,pl_a2,192,0.375,0.3807291666666666,0.0057291666666666186,0.9914232939629746,0.9004123668560283,
2,flanT5Small,contriever,pl,pl_a4,192,0.375,0.375,0.0,0.9878813236420849,1.0,
2,flanT5Small,contriever,pl,pl_a8,192,0.375,0.3807291666666666,0.0057291666666666186,0.9882441860207765,0.9067456147436859,
3,flanT5Base,bm25,mmr,mmr_l0.3,378,0.9226190476190477,0.919973544973545,-0.002645502645502673,0.9806442526358244,0.7821796971748144,
3,flanT5Base,bm25,mmr,mmr_l0.45,378,0.9226190476190477,0.9228395061728395,0.00022045855379182466,0.9630098167259171,0.9816155814410256,
3,flanT5Base,bm25,mmr,mmr_l0.55,378,0.9226190476190477,0.9204144620811288,-0.0022045855379189128,0.9412345424513584,0.8187178293505675,
3,flanT5Base,bm25,mmr,mmr_l0.7,378,0.9226190476190477,0.9252645502645502,0.002645502645502562,0.9287486630902441,0.786597075414373,
3,flanT5Base,bm25,mmr,mmr_l0.85,378,0.9226190476190477,0.9243827160493827,0.0017636684303350414,0.9207810054602499,0.8575847070567648,
3,flanT5Base,bm25,mmr,mmr_l0.9,378,0.9226190476190477,0.9221781305114638,-0.00044091710758387137,0.9152551127597556,0.964356504760644,
3,flanT5Base,bm25,mmr,mmr_l0.95,378,0.9226190476190477,0.9206349206349206,-0.001984126984127088,0.9046057585245417,0.8417882889769943,
3,flanT5Base,bm25,pl,pl_a1,378,0.9226190476190477,0.9276675485008817,0.0050485008818340615,0.9739535353830073,0.5626674785978335,
3,flanT5Base,bm25,pl,pl_a2,378,0.9226190476190477,0.9254629629629629,0.00284391534391526,0.9633507979438818,0.7408535718586036,
3,flanT5Base,bm25,pl,pl_a4,378,0.9226190476190477,0.9209876543209876,-0.0016313932980600576,0.9140350803251129,0.8592890789220613,
3,flanT5Base,bm25,pl,pl_a8,378,0.9226190476190477,0.9222442680776014,-0.00037477954144626846,0.8998043010860168,0.969534051258215,
3,flanT5Base,contriever,mmr,mmr_l0.3,378,0.9268077601410935,0.9287918871252204,0.001984126984126977,0.9873262512445646,0.8345907626972666,
3,flanT5Base,contriever,mmr,mmr_l0.45,378,0.9268077601410935,0.9290123456790124,0.0022045855379189128,0.9701085400710702,0.8135683156847825,
3,flanT5Base,contriever,mmr,mmr_l0.55,378,0.9268077601410935,0.9318783068783069,0.0050705467372134105,0.9606308856150874,0.5834180023513805,
3,flanT5Base,contriever,mmr,mmr_l0.7,378,0.9268077601410935,0.9323192239858907,0.005511463844797282,0.9384848009299152,0.5630421004513116,
3,flanT5Base,contriever,mmr,mmr_l0.85,378,0.9268077601410935,0.9323192239858907,0.005511463844797282,0.9268408947122236,0.56114356667005,
3,flanT5Base,contriever,mmr,mmr_l0.9,378,0.9268077601410935,0.9318783068783069,0.0050705467372134105,0.9218729187652724,0.5927576836529248,
3,flanT5Base,contriever,mmr,mmr_l0.95,378,0.9268077601410935,0.9283509700176368,0.0015432098765433278,0.9140886400394107,0.8727576806215318,
3,flanT5Base,contriever,pl,pl_a1,378,0.9268077601410935,0.9224426807760141,-0.00436507936507935,0.9760641980501226,0.6212086324053977,
3,flanT5Base,contriever,pl,pl_a2,378,0.9268077601410935,0.9244268077601411,-0.0023809523809523725,0.9676121449374637,0.782763307077401,
3,flanT5Base,contriever,pl,pl_a4,378,0.9268077601410935,0.9291666666666667,0.0023589065255732455,0.9182691903971784,0.7925705682510813,
3,flanT5Base,contriever,pl,pl_a8,378,0.9268077601410935,0.9289241622574955,0.002116402116402072,0.9022671309002738,0.823456066672282,
3,flanT5Small,bm25,mmr,mmr_l0.3,100,0.9064844587352626,0.8833333333333333,-0.023151125401929318,0.9810141331306785,0.15714627099115475,
3,flanT5Small,bm25,mmr,mmr_l0.45,311,0.9064844587352626,0.8882636655948553,-0.018220793140407365,0.9690308905880318,0.1288607835991729,
3,flanT5Small,bm25,mmr,mmr_l0.55,311,0.9064844587352626,0.8971061093247589,-0.00937834941050375,0.9542749448891906,0.40563011727235193,
3,flanT5Small,bm25,mmr,mmr_l0.7,100,0.9064844587352626,0.8933333333333333,-0.013151125401929309,0.9404592928899038,0.39455285230991743,
3,flanT5Small,bm25,mmr,mmr_l0.85,311,0.9064844587352626,0.9043408360128617,-0.002143622722400873,0.9365912407864464,0.8492617583599676,
3,flanT5Small,bm25,mmr,mmr_l0.9,311,0.9064844587352626,0.904876741693462,-0.001607717041800627,0.9329738828496996,0.8867307252686294,
3,flanT5Small,bm25,mmr,mmr_l0.95,311,0.9064844587352626,0.907288317256163,0.000803858520900369,0.9255970693216042,0.943685371852567,
3,flanT5Small,bm25,pl,pl_a1,311,0.9064844587352626,0.8766077170418006,-0.029876741693461994,0.9862605918889946,0.004127594457952605,**
3,flanT5Small,bm25,pl,pl_a2,311,0.9064844587352626,0.8831725616291534,-0.02331189710610926,0.9756347633276813,0.021077962929659442,*
3,flanT5Small,bm25,pl,pl_a4,311,0.9064844587352626,0.8982047159699892,-0.008279742765273435,0.9331357117056769,0.42455733696070935,
3,flanT5Small,bm25,pl,pl_a8,311,0.9064844587352626,0.9077438370846731,0.0012593783494104782,0.9196575988026928,0.9092223639169938,
3,flanT5Small,contriever,mmr,mmr_l0.3,100,0.8968381564844587,0.8741666666666668,-0.02267148981779199,0.9897174990371687,0.24060266862788385,
3,flanT5Small,contriever,mmr,mmr_l0.45,311,0.8968381564844587,0.8917470525187566,-0.005091103965702115,0.9791906004527523,0.673092678488699,
3,flanT5Small,contriever,mmr,mmr_l0.55,311,0.8968381564844587,0.9003215434083601,0.003483386923901377,0.9735251370627853,0.767020655912573,
3,flanT5Small,contriever,mmr,mmr_l0.7,100,0.8968381564844587,0.8908333333333333,-0.0060048231511254935,0.9531626085341972,0.7375757561299832,
3,flanT5Small,contriever,mmr,mmr_l0.85,311,0.8968381564844587,0.8973740621650589,0.000535905680600135,0.9432391074510118,0.9639453875534284,
3,flanT5Small,contriever,mmr,mmr_l0.9,311,0.8968381564844587,0.8976420150053591,0.000803858520900369,0.9384521106180685,0.9458781902395077,
3,flanT5Small,contriever,mmr,mmr_l0.95,311,0.8968381564844587,0.8992497320471597,0.002411575562700996,0.9329929095087522,0.8384901651528123,
3,flanT5Small,contriever,pl,pl_a1,311,0.8968381564844587,0.8856377277599142,-0.01120042872454452,0.9866222196869321,0.31091034249960614,
3,flanT5Small,contriever,pl,pl_a2,311,0.8968381564844587,0.8926045016077171,-0.004233654876741655,0.9777128774274388,0.6924522077598284,
3,flanT5Small,contriever,pl,pl_a4,311,0.8968381564844587,0.9007234726688103,0.003885316184351506,0.937198702009897,0.7187852592030146,
3,flanT5Small,contriever,pl,pl_a8,311,0.8968381564844587,0.8979367631296892,0.0010986066452304266,0.9255409798329554,0.9245671935645334,
4,flanT5Base,bm25,mmr,mmr_l0.3,827,0.29079477818297667,0.29439693740161954,0.0036021592186428752,0.9833387423375364,0.8048753956872804,
4,flanT5Base,bm25,mmr,mmr_l0.45,827,0.29079477818297667,0.2954397824118011,0.004645004228824412,0.9686795814449174,0.7511338138187222,
4,flanT5Base,bm25,mmr,mmr_l0.55,827,0.29079477818297667,0.2934032546723345,0.0026084764893578583,0.9651330262280142,0.8592685708403536,
4,flanT5Base,bm25,mmr,mmr_l0.7,827,0.29079477818297667,0.2953923379534333,0.004597559770456616,0.9623004012355535,0.7535695347458327,
4,flanT5Base,bm25,mmr,mmr_l0.85,827,0.29079477818297667,0.2923224825214461,0.0015277043384694378,0.9599595335056004,0.9163656128353195,
4,flanT5Base,bm25,mmr,mmr_l0.9,827,0.29079477818297667,0.2935291605492327,0.0027343823662560607,0.9588009005572727,0.8515833971531621,
4,flanT5Base,bm25,mmr,mmr_l0.95,827,0.29079477818297667,0.2947867250728308,0.003991946889854159,0.9580165118452729,0.7850277365654739,
4,flanT5Base,bm25,pl,pl_a1,827,0.29079477818297667,0.23986786906992832,-0.05092690911304834,0.985169121916458,1.1317892992977385e-05,**
4,flanT5Base,bm25,pl,pl_a2,827,0.29079477818297667,0.24806214742535412,-0.04273263075762254,0.9803896124261442,0.00024618180681133936,**
4,flanT5Base,bm25,pl,pl_a4,827,0.29079477818297667,0.28862362174074846,-0.002171156442228206,0.9603023667310664,0.8720432616443541,
4,flanT5Base,bm25,pl,pl_a8,827,0.29079477818297667,0.28925535703975547,-0.001539421143221198,0.9568597218722027,0.9142561060351565,
4,flanT5Base,contriever,mmr,mmr_l0.3,827,0.33958725019723374,0.3395910672891936,3.817091959845698e-06,0.9940229044120608,0.999801901182097,
4,flanT5Base,contriever,mmr,mmr_l0.45,827,0.33958725019723374,0.329342329597838,-0.010244920599395746,0.981841704864127,0.5028054565317633,
4,flanT5Base,contriever,mmr,mmr_l0.55,827,0.33958725019723374,0.33598999939123947,-0.0035972508059942676,0.974166615854643,0.8146721962865263,
4,flanT5Base,contriever,mmr,mmr_l0.7,827,0.33958725019723374,0.3391117937022638,-0.00047545649496993914,0.9690480714314218,0.9754199400158234,
4,flanT5Base,contriever,mmr,mmr_l0.85,827,0.33958725019723374,0.3362475001505445,-0.0033397500466892382,0.9646459308842233,0.8275805988246933,
4,flanT5Base,contriever,mmr,mmr_l0.9,827,0.33958725019723374,0.3399350719616776,0.0003478217644438675,0.9627097795930899,0.9820420361211717,
4,flanT5Base,contriever,mmr,mmr_l0.95,827,0.33958725019723374,0.3393023416861716,-0.0002849085110621097,0.9617038643001997,0.9853140987806549,
4,flanT5Base,contriever,pl,pl_a1,827,0.33958725019723374,0.23494866284090377,-0.10463858735632997,0.986310481273137,2.2187338394958757e-17,**
4,flanT5Base,contriever,pl,pl_a2,827,0.33958725019723374,0.25247111971411856,-0.08711613048311517,0.9833824751200573,1.3335297129411828e-12,**
4,flanT5Base,contriever,pl,pl_a4,827,0.33958725019723374,0.3400930260489442,0.000505775851710466,0.963297380257537,0.9713492775095194,
4,flanT5Base,contriever,pl,pl_a8,827,0.33958725019723374,0.3410579862752723,0.0014707360780385481,0.9599168748212074,0.9232049407299907,
4,flanT5Small,bm25,mmr,mmr_l0.3,100,0.29689018987946153,0.21459536733774803,-0.0822948225417135,0.9857154128614836,0.0032259493495419896,**
4,flanT5Small,bm25,mmr,mmr_l0.45,833,0.29689018987946153,0.30589246517235547,0.009002275292893935,0.9718673829996336,0.5494764700043084,
4,flanT5Small,bm25,mmr,mmr_l0.55,833,0.29689018987946153,0.314136760527242,0.017246570647780457,0.9683725347457784,0.25462601362117965,
4,flanT5Small,bm25,mmr,mmr_l0.7,100,0.29689018987946153,0.20639794073293302,-0.09049224914652851,0.9739476112784424,0.0012120824746759465,**
4,flanT5Small,bm25,mmr,mmr_l0.85,833,0.29689018987946153,0.3025674137454917,0.0056772238660301455,0.9630961155448868,0.7048816516066502,
4,flanT5Small,bm25,mmr,mmr_l0.9,833,0.29689018987946153,0.30022787687668706,0.0033376869972255307,0.9619723628281291,0.8232061271615428,
4,flanT5Small,bm25,mmr,mmr_l0.95,833,0.29689018987946153,0.3000817638951422,0.003191574015680654,0.9611479440797616,0.830044186965314,
4,flanT5Small,bm25,pl,pl_a1,833,0.29689018987946153,0.2700530817974925,-0.02683710808196904,0.9893088716754175,0.027496493169744805,*
4,flanT5Small,bm25,pl,pl_a2,833,0.29689018987946153,0.28115927627879145,-0.015730913600670082,0.9840977342077165,0.20259117755251796,
4,flanT5Small,bm25,pl,pl_a4,833,0.29689018987946153,0.3015787533494671,0.004688563470005569,0.9634818499138886,0.7280300824742322,
4,flanT5Small,bm25,pl,pl_a8,833,0.29689018987946153,0.2983163628836099,0.0014261730041483789,0.9599435298552584,0.9219456746306587,
4,flanT5Small,contriever,mmr,mmr_l0.3,100,0.32602958640373214,0.3019398049170992,-0.024089781486632933,0.9906618142157879,0.429006794694793,
4,flanT5Small,contriever,mmr,mmr_l0.45,833,0.32602958640373214,0.322304353630191,-0.003725232773541143,0.985072554992638,0.792768653150004,
4,flanT5Small,contriever,mmr,mmr_l0.55,833,0.32602958640373214,0.3211994191620845,-0.004830167241647643,0.9773842147974665,0.7327025423349462,
4,flanT5Small,contriever,mmr,mmr_l0.7,100,0.32602958640373214,0.29187765508929275,-0.03415193131443939,0.9762134300442142,0.23587228770050922,
4,flanT5Small,contriever,mmr,mmr_l0.85,833,0.32602958640373214,0.32507410439647766,-0.0009554820072544823,0.9678181184092605,0.9465164520854676,
4,flanT5Small,contriever,mmr,mmr_l0.9,833,0.32602958640373214,0.32567748884453357,-0.000352097559198572,0.9658913103373875,0.9803548542487354,
4,flanT5Small,contriever,mmr,mmr_l0.95,833,0.32602958640373214,0.32564700641807276,-0.00038257998565938145,0.9650626040809792,0.9786099286369796,
4,flanT5Small,contriever,pl,pl_a1,833,0.32602958640373214,0.24399619169033687,-0.08203339471339527,0.9904556792372223,1.330383692010558e-12,**
4,flanT5Small,contriever,pl,pl_a2,833,0.32602958640373214,0.26407451293329753,-0.06195507347043461,0.9873303784882134,8.440736048550097e-08,**
4,flanT5Small,contriever,pl,pl_a4,833,0.32602958640373214,0.32152084825520316,-0.004508738148528979,0.9665396714709056,0.7197657547090427,
4,flanT5Small,contriever,pl,pl_a8,833,0.32602958640373214,0.3267439798730404,0.0007143934693082388,0.963290027110972,0.9594712070239214,
5,flanT5Base,bm25,mmr,mmr_l0.3,759,0.5310724203309488,0.5440999707304193,0.013027550399470456,0.9864746763042339,0.48646100856960445,
5,flanT5Base,bm25,mmr,mmr_l0.45,759,0.5310724203309488,0.537372659133429,0.006300238802480207,0.9719935180319335,0.7372243200072731,
5,flanT5Base,bm25,mmr,mmr_l0.55,759,0.5310724203309488,0.5482093372380299,0.01713691690708108,0.9661570402251871,0.36045036105166867,
5,flanT5Base,bm25,mmr,mmr_l0.7,759,0.5310724203309488,0.5475262743514717,0.016453854020522907,0.9593337302007082,0.37774735546631905,
5,flanT5Base,bm25,mmr,mmr_l0.85,759,0.5310724203309488,0.5401940984379124,0.009121678106963627,0.9536009257404154,0.6252392086912889,
5,flanT5Base,bm25,mmr,mmr_l0.9,759,0.5310724203309488,0.5360778237843562,0.005005403453407387,0.9517163253120252,0.7891031163262544,
5,flanT5Base,bm25,mmr,mmr_l0.95,759,0.5310724203309488,0.5350390480637122,0.00396662773276335,0.9494331436081049,0.8326855553705552,
5,flanT5Base,bm25,pl,pl_a1,759,0.5310724203309488,0.5195913799439508,-0.011481040386998043,0.9916888258679446,0.5052323939414958,
5,flanT5Base,bm25,pl,pl_a2,759,0.5310724203309488,0.5271203025008565,-0.0039521178300923054,0.9878194326457319,0.815675984693035,
5,flanT5Base,bm25,pl,pl_a4,759,0.5310724203309488,0.5433472919385453,0.012274871607596438,0.9605737317351604,0.47873908464982534,
5,flanT5Base,bm25,pl,pl_a8,759,0.5310724203309488,0.5369528994314066,0.005880479100457747,0.9469429286343691,0.7487748101757626,
5,flanT5Base,contriever,mmr,mmr_l0.3,759,0.550489137884847,0.5407323972034879,-0.009756740681359122,0.9819028756743511,0.6004361989645368,
5,flanT5Base,contriever,mmr,mmr_l0.45,759,0.550489137884847,0.5504579718386489,-3.1166046198127795e-05,0.9700204583863498,0.998657637068559,
5,flanT5Base,contriever,mmr,mmr_l0.55,759,0.550489137884847,0.54573982342073,-0.0047493144641169716,0.9647474002401129,0.7970034890413439,
5,flanT5Base,contriever,mmr,mmr_l0.7,759,0.550489137884847,0.5584461674992157,0.007957029614368727,0.9580104661593416,0.667932651632211,
5,flanT5Base,contriever,mmr,mmr_l0.85,759,0.550489137884847,0.560875079575838,0.010385941690991052,0.950912559941362,0.5771658604656333,
5,flanT5Base,contriever,mmr,mmr_l0.9,759,0.550489137884847,0.5593728092861284,0.008883671401281434,0.9480725388037126,0.6346133842853566,
5,flanT5Base,contriever,mmr,mmr_l0.95,759,0.550489137884847,0.5587722838235962,0.008283145938749237,0.944749419678604,0.6549919632421632,
5,flanT5Base,contriever,pl,pl_a1,759,0.550489137884847,0.5217716752876511,-0.028717462597195875,0.9914360231348815,0.09601072338622398,
5,flanT5Base,contriever,pl,pl_a2,759,0.550489137884847,0.5251934902389673,-0.02529564764587966,0.986526298751063,0.13637194898715263,
5,flanT5Base,contriever,pl,pl_a4,759,0.550489137884847,0.5467999969377197,-0.003689140947127245,0.9513344105723951,0.8302906020011229,
5,flanT5Base,contriever,pl,pl_a8,759,0.550489137884847,0.5523055841006862,0.001816446215839207,0.9412339151090277,0.9210363061613404,
5,flanT5Small,bm25,mmr,mmr_l0.3,100,0.4578611318875436,0.49915827964671494,0.041297147759171315,0.9864002819380194,0.2777301004834077,
5,flanT5Small,bm25,mmr,mmr_l0.45,826,0.4578611318875436,0.46630275778310565,0.008441625895562022,0.9744226639577536,0.6323113476631493,
5,flanT5Small,bm25,mmr,mmr_l0.55,826,0.4578611318875436,0.4665585937231752,0.008697461835631581,0.9679605662104477,0.6220939944341685,
5,flanT5Small,bm25,mmr,mmr_l0.7,100,0.4578611318875436,0.5235261693667844,0.0656650374792408,0.9586639540103254,0.07320405553426816,
5,flanT5Small,bm25,mmr,mmr_l0.85,826,0.4578611318875436,0.4556280776048398,-0.002233054282703817,0.9550615093613805,0.8995064983131785,
5,flanT5Small,bm25,mmr,mmr_l0.9,826,0.4578611318875436,0.4561674897030915,-0.0016936421844521155,0.9530054296860905,0.9239176003779743,
5,flanT5Small,bm25,mmr,mmr_l0.95,826,0.4578611318875436,0.45485482808342415,-0.003006303804119481,0.9507436388688281,0.8654861499376928,
5,flanT5Small,bm25,pl,pl_a1,826,0.4578611318875436,0.40620645098413843,-0.05165468090340519,0.9943700592673601,0.0009463585467055888,**
5,flanT5Small,bm25,pl,pl_a2,826,0.4578611318875436,0.41912987674839797,-0.03873125513914566,0.9905446333036076,0.012139096496517022,*
5,flanT5Small,bm25,pl,pl_a4,826,0.4578611318875436,0.4667365962341061,0.0088754643465625,0.9628280080205727,0.5824976320856377,
5,flanT5Small,bm25,pl,pl_a8,826,0.4578611318875436,0.4553298622137122,-0.0025312696738314377,0.9485201523626079,0.8833067212301391,
5,flanT5Small,contriever,mmr,mmr_l0.3,100,0.4648746890625483,0.46398527039354137,-0.0008894186690069361,0.9816015281451058,0.9819380586814728,
5,flanT5Small,contriever,mmr,mmr_l0.45,826,0.4648746890625483,0.44884915850711354,-0.016025530555434764,0.9721574020911302,0.364742022932116,
5,flanT5Small,contriever,mmr,mmr_l0.55,826,0.4648746890625483,0.4607098879257876,-0.00416480113676071,0.9667141276435581,0.8150334661025838,
5,flanT5Small,contriever,mmr,mmr_l0.7,100,0.4648746890625483,0.4875381248568413,0.022663435794292974,0.9589935113608523,0.5353052883275752,
5,flanT5Small,contriever,mmr,mmr_l0.85,826,0.4648746890625483,0.45309237008186193,-0.01178231898068638,0.9524969121127994,0.5029760809094349,
5,flanT5Small,contriever,mmr,mmr_l0.9,826,0.4648746890625483,0.460205648251548,-0.00466904081100028,0.9499210990223218,0.7910946883176544,
5,flanT5Small,contriever,mmr,mmr_l0.95,826,0.4648746890625483,0.4681164017404479,0.0032417126778995775,0.9473608199710069,0.8543257779971295,
5,flanT5Small,contriever,pl,pl_a1,826,0.4648746890625483,0.4012295657376638,-0.06364512332488453,0.9940237165354945,4.293009393938993e-05,**
5,flanT5Small,contriever,pl,pl_a2,826,0.4648746890625483,0.4124452911365534,-0.05242939792599488,0.988935633903398,0.0006028086634810405,**
5,flanT5Small,contriever,pl,pl_a4,826,0.4648746890625483,0.46012278972451637,-0.00475189933803194,0.9537851473027193,0.7675204356142147,
5,flanT5Small,contriever,pl,pl_a8,826,0.4648746890625483,0.4625534327076892,-0.0023212563548590803,0.944088518875822,0.8938359920597094,
6,flanT5Base,bm25,mmr,mmr_l0.3,783,0.4730873676410714,0.46375173372537515,-0.009335633915696251,0.9795545148395032,0.627409496459854,
6,flanT5Base,bm25,mmr,mmr_l0.45,783,0.4730873676410714,0.4639169333414608,-0.00917043429961062,0.9023785924910754,0.6321652591065898,
6,flanT5Base,bm25,mmr,mmr_l0.55,783,0.4730873676410714,0.46747418073132535,-0.0056131869097460485,0.8574056321455948,0.7690736927053892,
6,flanT5Base,bm25,mmr,mmr_l0.7,783,0.4730873676410714,0.469700933694696,-0.003386433946375389,0.8130294549515625,0.8592143549153403,
6,flanT5Base,bm25,mmr,mmr_l0.85,783,0.4730873676410714,0.46946665207736316,-0.0036207155637082433,0.7860675042354918,0.8501522308801912,
6,flanT5Base,bm25,mmr,mmr_l0.9,783,0.4730873676410714,0.46944447280258333,-0.0036428948384880644,0.7803527082511739,0.8500172506426525,
6,flanT5Base,bm25,mmr,mmr_l0.95,783,0.4730873676410714,0.4717041821184253,-0.001383185522646102,0.7728976678515158,0.9426448439662138,
6,flanT5Base,bm25,pl,pl_a1,783,0.4730873676410714,0.3954503228807658,-0.07763704476030558,0.8919507226273741,6.560676215786905e-06,**
6,flanT5Base,bm25,pl,pl_a2,783,0.4730873676410714,0.4105242817586211,-0.0625630858824503,0.8672786899176583,0.0002492582439558544,**
6,flanT5Base,bm25,pl,pl_a4,783,0.4730873676410714,0.4515896010548404,-0.021497766586230982,0.7900757462618639,0.2269585654871367,
6,flanT5Base,bm25,pl,pl_a8,783,0.4730873676410714,0.4669372165896865,-0.006150151051384889,0.7678273253128652,0.7436895765137681,
6,flanT5Base,contriever,mmr,mmr_l0.3,783,0.44397538302630707,0.4238935184069897,-0.02008186461931738,0.9744389375777297,0.2934555743572731,
6,flanT5Base,contriever,mmr,mmr_l0.45,783,0.44397538302630707,0.43742734387958165,-0.006548039146725415,0.9202218985253982,0.7307886547525085,
6,flanT5Base,contriever,mmr,mmr_l0.55,783,0.44397538302630707,0.4483006009164254,0.004325217890118305,0.8809456293010722,0.8210671026597849,
6,flanT5Base,contriever,mmr,mmr_l0.7,783,0.44397538302630707,0.43365324784413606,-0.01032213518217101,0.8338041279194528,0.5897070064120846,
6,flanT5Base,contriever,mmr,mmr_l0.85,783,0.44397538302630707,0.44116852085741737,-0.002806862168889701,0.7998908797889309,0.8837086983300214,
6,flanT5Base,contriever,mmr,mmr_l0.9,783,0.44397538302630707,0.43611614517642594,-0.007859237849881129,0.7916074610044093,0.6830887535837671,
6,flanT5Base,contriever,mmr,mmr_l0.95,783,0.44397538302630707,0.4478290194355625,0.0038536364092554565,0.7820009237569868,0.8412249621511114,
6,flanT5Base,contriever,pl,pl_a1,783,0.44397538302630707,0.39378360204256024,-0.050191780983746825,0.8927329039283306,0.003236469207026138,**
6,flanT5Base,contriever,pl,pl_a2,783,0.44397538302630707,0.40398545431900157,-0.0399899287073055,0.8646649009163125,0.018161377322809907,*
6,flanT5Base,contriever,pl,pl_a4,783,0.44397538302630707,0.4386004341672827,-0.005374948859024342,0.7869470236910264,0.7622691734408968,
6,flanT5Base,contriever,pl,pl_a8,783,0.44397538302630707,0.44371467325779324,-0.00026070976851383376,0.7744586994369224,0.9890291889119599,
6,flanT5Small,bm25,mmr,mmr_l0.3,100,0.4419841535094201,0.4095293776194044,-0.03245477589001572,0.9800153971241068,0.4152417851582318,
6,flanT5Small,bm25,mmr,mmr_l0.45,760,0.4419841535094201,0.420140527897288,-0.0218436256121321,0.9338461393454406,0.2717944825752996,
6,flanT5Small,bm25,mmr,mmr_l0.55,760,0.4419841535094201,0.4325382507303942,-0.009445902779025905,0.888845791639889,0.6346261785694285,
6,flanT5Small,bm25,mmr,mmr_l0.7,100,0.4419841535094201,0.4618076774397657,0.019823523930345588,0.7923209371786106,0.6297853497426253,
6,flanT5Small,bm25,mmr,mmr_l0.85,760,0.4419841535094201,0.44387638139046826,0.0018922278810481474,0.810563306687788,0.9245761917399241,
6,flanT5Small,bm25,mmr,mmr_l0.9,760,0.4419841535094201,0.44567560517913224,0.0036914516697121313,0.80394502929358,0.8535838220862589,
6,flanT5Small,bm25,mmr,mmr_l0.95,760,0.4419841535094201,0.4409866772845217,-0.0009974762248984304,0.7954120127785678,0.960234244301394,
6,flanT5Small,bm25,pl,pl_a1,760,0.4419841535094201,0.3693537340599019,-0.0726304194495182,0.925319862400654,3.879791313080107e-05,**
6,flanT5Small,bm25,pl,pl_a2,760,0.4419841535094201,0.38731185376659844,-0.05467229974282167,0.8972378908645142,0.0018634782604691736,**
6,flanT5Small,bm25,pl,pl_a4,760,0.4419841535094201,0.434781378769622,-0.0072027747397981345,0.8154465970109768,0.6971183508417059,
6,flanT5Small,bm25,pl,pl_a8,760,0.4419841535094201,0.4397511923170954,-0.0022329611923246895,0.790999324585705,0.9088058648484898,
6,flanT5Small,contriever,mmr,mmr_l0.3,100,0.4236239482375545,0.3667661909090463,-0.05685775732850823,0.9761369849442364,0.1445058160801754,
6,flanT5Small,contriever,mmr,mmr_l0.45,760,0.4236239482375545,0.44114191571123634,0.01751796747368184,0.9559382141657815,0.3740386351262124,
6,flanT5Small,contriever,mmr,mmr_l0.55,760,0.4236239482375545,0.4416662237396999,0.018042275502145377,0.9135657442314481,0.3613809692638263,
6,flanT5Small,contriever,mmr,mmr_l0.7,100,0.4236239482375545,0.37712550829882446,-0.04649843993873004,0.8514069297847088,0.2403345673627349,
6,flanT5Small,contriever,mmr,mmr_l0.85,760,0.4236239482375545,0.43179025542564287,0.008166307188088362,0.8234739885581978,0.6767206205563321,
6,flanT5Small,contriever,mmr,mmr_l0.9,760,0.4236239482375545,0.4314286764865134,0.007804728248958892,0.8146582152891367,0.6897528259342721,
6,flanT5Small,contriever,mmr,mmr_l0.95,760,0.4236239482375545,0.4219919771000345,-0.0016319711375200052,0.8052658276518669,0.9331158342870552,
6,flanT5Small,contriever,pl,pl_a1,760,0.4236239482375545,0.37110812859295583,-0.05251581964459867,0.925278225244343,0.0023187990021767586,**
6,flanT5Small,contriever,pl,pl_a2,760,0.4236239482375545,0.38365980363037067,-0.03996414460718384,0.8936619631017636,0.020587453560835415,*
6,flanT5Small,contriever,pl,pl_a4,760,0.4236239482375545,0.42062903180096767,-0.0029949164365868364,0.8103636294902604,0.8681583986963072,
6,flanT5Small,contriever,pl,pl_a8,760,0.4236239482375545,0.42409233073167146,0.000468382494116959,0.7965908836063516,0.980526936520931,
7,flanT5Base,bm25,mmr,mmr_l0.3,211,0.674823563509576,0.6405311300785587,-0.03429243343101729,0.9859128702540665,0.28622153334810824,
7,flanT5Base,bm25,mmr,mmr_l0.45,211,0.674823563509576,0.6502076487578824,-0.024615914751693557,0.9828935893143202,0.44224527487682647,
7,flanT5Base,bm25,mmr,mmr_l0.55,211,0.674823563509576,0.6643092711817385,-0.010514292327837405,0.9770209750058716,0.7412114515147812,
7,flanT5Base,bm25,mmr,mmr_l0.7,211,0.674823563509576,0.6744064813156911,-0.00041708219388481016,0.9606328979653325,0.9894916167254432,
7,flanT5Base,bm25,mmr,mmr_l0.85,211,0.674823563509576,0.6643717394670312,-0.010451824042544744,0.9560966373610075,0.7433839865879854,
7,flanT5Base,bm25,mmr,mmr_l0.9,211,0.674823563509576,0.6704654892137025,-0.004358074295873426,0.9540113680386332,0.8913770547470059,
7,flanT5Base,bm25,mmr,mmr_l0.95,211,0.674823563509576,0.6694440095360127,-0.005379553973563267,0.9534698426294497,0.8664890949878371,
7,flanT5Base,bm25,pl,pl_a1,211,0.674823563509576,0.6579052662105217,-0.016918297299054252,0.9746350475746566,0.5381846171373854,
7,flanT5Base,bm25,pl,pl_a2,211,0.674823563509576,0.6612504707029452,-0.013573092806630771,0.9667903685494001,0.6249300380610985,
7,flanT5Base,bm25,pl,pl_a4,211,0.674823563509576,0.6609020522006254,-0.013921511308950585,0.9533395427870778,0.6433873573759707,
7,flanT5Base,bm25,pl,pl_a8,211,0.674823563509576,0.6687239536657079,-0.006099609843868037,0.951687120228251,0.8440888276591014,
7,flanT5Base,contriever,mmr,mmr_l0.3,211,0.6452222078325859,0.649499426465734,0.004277218633148117,0.9898004689567983,0.8899637854485913,
7,flanT5Base,contriever,mmr,mmr_l0.45,211,0.6452222078325859,0.6391658504022032,-0.006056357430382686,0.980492288146102,0.8443247424341875,
7,flanT5Base,contriever,mmr,mmr_l0.55,211,0.6452222078325859,0.6365216889666857,-0.008700518865900175,0.9660806000227822,0.7784267539370716,
7,flanT5Base,contriever,mmr,mmr_l0.7,211,0.6452222078325859,0.6377209711741549,-0.007501236658430943,0.9566878773139421,0.8081877641944565,
7,flanT5Base,contriever,mmr,mmr_l0.85,211,0.6452222078325859,0.6433890447235415,-0.0018331631090443556,0.9509400598285047,0.9523511961428581,
7,flanT5Base,contriever,mmr,mmr_l0.9,211,0.6452222078325859,0.6456132460493177,0.0003910382167318094,0.9501233347665119,0.9898636120697044,
7,flanT5Base,contriever,mmr,mmr_l0.95,211,0.6452222078325859,0.6498163333132512,0.00459412548066529,0.9485712437625918,0.8804686075697971,
7,flanT5Base,contriever,pl,pl_a1,211,0.6452222078325859,0.6536703824338402,0.008448174601254355,0.9722138917878749,0.7553435607243444,
7,flanT5Base,contriever,pl,pl_a2,211,0.6452222078325859,0.6455371922196643,0.000314984387078443,0.9623051062100475,0.9907177601901491,
7,flanT5Base,contriever,pl,pl_a4,211,0.6452222078325859,0.6526157523853365,0.007393544552750653,0.9495839447244396,0.7981503689613514,
7,flanT5Base,contriever,pl,pl_a8,211,0.6452222078325859,0.6460691137159844,0.0008469058833985299,0.9483188652823261,0.9776944030301944,
7,flanT5Small,bm25,mmr,mmr_l0.3,100,0.5353459166422336,0.5143683880930903,-0.020977528549143365,0.9864726702154418,0.574275609825817,
7,flanT5Small,bm25,mmr,mmr_l0.45,365,0.5353459166422336,0.5095431568887293,-0.025802759753504323,0.9855480718113255,0.29178320257360685,
7,flanT5Small,bm25,mmr,mmr_l0.55,365,0.5353459166422336,0.5161078866298243,-0.019238030012409313,0.9799857947682781,0.43230796884313955,
7,flanT5Small,bm25,mmr,mmr_l0.7,100,0.5353459166422336,0.5258180922157681,-0.009527824426465492,0.9773427149114299,0.8021159866837254,
7,flanT5Small,bm25,mmr,mmr_l0.85,365,0.5353459166422336,0.5253133093946606,-0.010032607247573044,0.9672654267204104,0.6845755165547743,
7,flanT5Small,bm25,mmr,mmr_l0.9,365,0.5353459166422336,0.5259538496366901,-0.009392067005543514,0.9660418605784653,0.7039399338323571,
7,flanT5Small,bm25,mmr,mmr_l0.95,365,0.5353459166422336,0.5250862840052751,-0.010259632636958504,0.9652085719972854,0.6782215711267695,
7,flanT5Small,bm25,pl,pl_a1,365,0.5353459166422336,0.5314903276594751,-0.0038555889827585066,0.9827508181075673,0.851759107706415,
7,flanT5Small,bm25,pl,pl_a2,365,0.5353459166422336,0.5318851678768678,-0.0034607487653658398,0.9764498793250611,0.8687583535328531,
7,flanT5Small,bm25,pl,pl_a4,365,0.5353459166422336,0.5409744438943227,0.005628527252089066,0.966461208401429,0.8026695500960984,
7,flanT5Small,bm25,pl,pl_a8,365,0.5353459166422336,0.5386451154902416,0.0032991988480080003,0.9641383638914836,0.889965977771479,
7,flanT5Small,contriever,mmr,mmr_l0.3,100,0.5301350060660747,0.4847090150410217,-0.04542599102505296,0.9935183333259462,0.21118463129051912,
7,flanT5Small,contriever,mmr,mmr_l0.45,365,0.5301350060660747,0.5086292409060534,-0.02150576516002123,0.9864620480889523,0.36677679996922163,
7,flanT5Small,contriever,mmr,mmr_l0.55,365,0.5301350060660747,0.5186666046473453,-0.011468401418729401,0.9769986792298464,0.6303614323880175,
7,flanT5Small,contriever,mmr,mmr_l0.7,100,0.5301350060660747,0.5082578849856527,-0.021877121080421946,0.9784665381866603,0.5493113403963976,
7,flanT5Small,contriever,mmr,mmr_l0.85,365,0.5301350060660747,0.5223219047435956,-0.007813101322479032,0.9662985712717013,0.7428505101228464,
7,flanT5Small,contriever,mmr,mmr_l0.9,365,0.5301350060660747,0.527519341375823,-0.002615664690251651,0.964836735765456,0.9125131352237291,
7,flanT5Small,contriever,mmr,mmr_l0.95,365,0.5301350060660747,0.5280147367131939,-0.002120269352880788,0.9636597920908554,0.9291152581263702,
7,flanT5Small,contriever,pl,pl_a1,365,0.5301350060660747,0.5256077495277247,-0.004527256538349955,0.98168845114279,0.8224435533801517,
7,flanT5Small,contriever,pl,pl_a2,365,0.5301350060660747,0.5248064452817414,-0.005328560784333303,0.974711248057767,0.7923749427677339,
7,flanT5Small,contriever,pl,pl_a4,365,0.5301350060660747,0.5319964622163794,0.0018614561503047522,0.9645685319412804,0.9328874042786216,
7,flanT5Small,contriever,pl,pl_a8,365,0.5301350060660747,0.5293249147236202,-0.0008100913424544665,0.9632256667462393,0.9725077751068579,
