lamp_num,generator_name,ranker,setting,mean,count
1,flanT5Base,bm25,det,0.6810344827586207,232
1,flanT5Base,bm25,mmr_l0.15,0.646551724137931,232
1,flanT5Base,bm25,mmr_l0.3,0.646551724137931,232
1,flanT5Base,bm25,mmr_l0.45,0.6594827586206896,232
1,flanT5Base,bm25,mmr_l0.55,0.6594827586206896,232
1,flanT5Base,bm25,mmr_l0.7,0.6724137931034483,232
1,flanT5Base,bm25,mmr_l0.85,0.6767241379310345,232
1,flanT5Base,bm25,pl_a1,0.46594827586206894,232
1,flanT5Base,bm25,pl_a2,0.509051724137931,232
1,flanT5Base,bm25,pl_a4,0.634051724137931,232
1,flanT5Base,bm25,pl_a8,0.6749999999999999,232
1,flanT5Base,contriever,det,0.6422413793103449,232
1,flanT5Base,contriever,mmr_l0.15,0.6379310344827587,232
1,flanT5Base,contriever,mmr_l0.3,0.625,232
1,flanT5Base,contriever,mmr_l0.45,0.6293103448275862,232
1,flanT5Base,contriever,mmr_l0.55,0.6508620689655172,232
1,flanT5Base,contriever,mmr_l0.7,0.646551724137931,232
1,flanT5Base,contriever,mmr_l0.85,0.6422413793103449,232
1,flanT5Base,contriever,pl_a1,0.4978448275862069,232
1,flanT5Base,contriever,pl_a2,0.555603448275862,232
1,flanT5Base,contriever,pl_a4,0.664655172413793,232
1,flanT5Base,contriever,pl_a8,0.6461206896551724,232
1,flanT5Small,bm25,det,0.45098039215686275,51
1,flanT5Small,bm25,mmr_l0.15,0.4117647058823529,51
1,flanT5Small,bm25,mmr_l0.3,0.43137254901960786,51
1,flanT5Small,bm25,mmr_l0.45,0.4117647058823529,51
1,flanT5Small,bm25,mmr_l0.55,0.4117647058823529,51
1,flanT5Small,bm25,mmr_l0.7,0.4117647058823529,51
1,flanT5Small,bm25,mmr_l0.85,0.45098039215686275,51
1,flanT5Small,bm25,pl_a1,0.39215686274509803,51
1,flanT5Small,bm25,pl_a2,0.4019607843137255,51
1,flanT5Small,bm25,pl_a4,0.45098039215686275,51
1,flanT5Small,bm25,pl_a8,0.45098039215686275,51
1,flanT5Small,contriever,det,0.43137254901960786,51
1,flanT5Small,contriever,mmr_l0.15,0.43137254901960786,51
1,flanT5Small,contriever,mmr_l0.3,0.45098039215686275,51
1,flanT5Small,contriever,mmr_l0.45,0.43137254901960786,51
1,flanT5Small,contriever,mmr_l0.55,0.43137254901960786,51
1,flanT5Small,contriever,mmr_l0.7,0.43137254901960786,51
1,flanT5Small,contriever,mmr_l0.85,0.45098039215686275,51
1,flanT5Small,contriever,pl_a1,0.39215686274509803,51
1,flanT5Small,contriever,pl_a2,0.38823529411764707,51
1,flanT5Small,contriever,pl_a4,0.4392156862745098,51
1,flanT5Small,contriever,pl_a8,0.4294117647058823,51
2,flanT5Base,bm25,det,0.3,280
2,flanT5Base,bm25,mmr_l0.15,0.32142857142857145,280
2,flanT5Base,bm25,mmr_l0.3,0.31785714285714284,280
2,flanT5Base,bm25,mmr_l0.45,0.30714285714285716,280
2,flanT5Base,bm25,mmr_l0.55,0.2892857142857143,280
2,flanT5Base,bm25,mmr_l0.7,0.30714285714285716,280
2,flanT5Base,bm25,mmr_l0.85,0.29642857142857143,280
2,flanT5Base,bm25,pl_a1,0.3357142857142857,280
2,flanT5Base,bm25,pl_a2,0.32142857142857145,280
2,flanT5Base,bm25,pl_a4,0.3146428571428571,280
2,flanT5Base,bm25,pl_a8,0.305,280
2,flanT5Base,contriever,det,0.30714285714285716,280
2,flanT5Base,contriever,mmr_l0.15,0.3535714285714286,280
2,flanT5Base,contriever,mmr_l0.3,0.34285714285714286,280
2,flanT5Base,contriever,mmr_l0.45,0.33214285714285713,280
2,flanT5Base,contriever,mmr_l0.55,0.32857142857142857,280
2,flanT5Base,contriever,mmr_l0.7,0.3107142857142857,280
2,flanT5Base,contriever,mmr_l0.85,0.31785714285714284,280
2,flanT5Base,contriever,pl_a1,0.30714285714285716,280
2,flanT5Base,contriever,pl_a2,0.3189285714285714,280
2,flanT5Base,contriever,pl_a4,0.3457142857142857,280
2,flanT5Base,contriever,pl_a8,0.3242857142857143,280
2,flanT5Small,bm25,det,0.3333333333333333,192
2,flanT5Small,bm25,mmr_l0.15,0.29,100
2,flanT5Small,bm25,mmr_l0.3,0.28,100
2,flanT5Small,bm25,mmr_l0.45,0.3697916666666667,192
2,flanT5Small,bm25,mmr_l0.55,0.3489583333333333,192
2,flanT5Small,bm25,mmr_l0.7,0.23,100
2,flanT5Small,bm25,mmr_l0.85,0.328125,192
2,flanT5Small,bm25,pl_a1,0.35000000000000003,192
2,flanT5Small,bm25,pl_a2,0.34791666666666665,192
2,flanT5Small,bm25,pl_a4,0.32708333333333334,192
2,flanT5Small,bm25,pl_a8,0.3307291666666667,192
2,flanT5Small,contriever,det,0.375,192
2,flanT5Small,contriever,mmr_l0.15,0.38,100
2,flanT5Small,contriever,mmr_l0.3,0.34,100
2,flanT5Small,contriever,mmr_l0.45,0.390625,192
2,flanT5Small,contriever,mmr_l0.55,0.3802083333333333,192
2,flanT5Small,contriever,mmr_l0.7,0.3,100
2,flanT5Small,contriever,mmr_l0.85,0.3854166666666667,192
2,flanT5Small,contriever,pl_a1,0.35520833333333335,192
2,flanT5Small,contriever,pl_a2,0.3807291666666666,192
2,flanT5Small,contriever,pl_a4,0.375,192
2,flanT5Small,contriever,pl_a8,0.3807291666666666,192
3,flanT5Base,bm25,det,0.9226190476190477,378
3,flanT5Base,bm25,mmr_l0.15,0.919973544973545,378
3,flanT5Base,bm25,mmr_l0.3,0.919973544973545,378
3,flanT5Base,bm25,mmr_l0.45,0.9228395061728395,378
3,flanT5Base,bm25,mmr_l0.55,0.9204144620811288,378
3,flanT5Base,bm25,mmr_l0.7,0.9252645502645502,378
3,flanT5Base,bm25,mmr_l0.85,0.9243827160493827,378
3,flanT5Base,bm25,pl_a1,0.9276675485008817,378
3,flanT5Base,bm25,pl_a2,0.9254629629629629,378
3,flanT5Base,bm25,pl_a4,0.9209876543209876,378
3,flanT5Base,bm25,pl_a8,0.9222442680776014,378
3,flanT5Base,contriever,det,0.9268077601410935,378
3,flanT5Base,contriever,mmr_l0.15,0.9294532627865961,378
3,flanT5Base,contriever,mmr_l0.3,0.9287918871252204,378
3,flanT5Base,contriever,mmr_l0.45,0.9290123456790124,378
3,flanT5Base,contriever,mmr_l0.55,0.9318783068783069,378
3,flanT5Base,contriever,mmr_l0.7,0.9323192239858907,378
3,flanT5Base,contriever,mmr_l0.85,0.9323192239858907,378
3,flanT5Base,contriever,pl_a1,0.9224426807760141,378
3,flanT5Base,contriever,pl_a2,0.9244268077601411,378
3,flanT5Base,contriever,pl_a4,0.9291666666666667,378
3,flanT5Base,contriever,pl_a8,0.9289241622574955,378
3,flanT5Small,bm25,det,0.9080921757770632,311
3,flanT5Small,bm25,mmr_l0.15,0.8866666666666667,100
3,flanT5Small,bm25,mmr_l0.3,0.8833333333333333,100
3,flanT5Small,bm25,mmr_l0.45,0.889871382636656,311
3,flanT5Small,bm25,mmr_l0.55,0.8987138263665595,311
3,flanT5Small,bm25,mmr_l0.7,0.8933333333333333,100
3,flanT5Small,bm25,mmr_l0.85,0.9059485530546624,311
3,flanT5Small,bm25,pl_a1,0.8786977491961414,311
3,flanT5Small,bm25,pl_a2,0.8854233654876742,311
3,flanT5Small,bm25,pl_a4,0.9002947481243302,311
3,flanT5Small,bm25,pl_a8,0.9095123258306539,311
3,flanT5Small,contriever,det,0.8968381564844587,311
3,flanT5Small,contriever,mmr_l0.15,0.8741666666666668,100
3,flanT5Small,contriever,mmr_l0.3,0.8741666666666668,100
3,flanT5Small,contriever,mmr_l0.45,0.8917470525187566,311
3,flanT5Small,contriever,mmr_l0.55,0.9003215434083601,311
3,flanT5Small,contriever,mmr_l0.7,0.8908333333333333,100
3,flanT5Small,contriever,mmr_l0.85,0.8973740621650589,311
3,flanT5Small,contriever,pl_a1,0.8856377277599142,311
3,flanT5Small,contriever,pl_a2,0.8926045016077171,311
3,flanT5Small,contriever,pl_a4,0.9007234726688103,311
3,flanT5Small,contriever,pl_a8,0.8979367631296892,311
4,flanT5Base,bm25,det,0.29079477818297667,827
4,flanT5Base,bm25,mmr_l0.15,0.2906507429541937,827
4,flanT5Base,bm25,mmr_l0.3,0.29439693740161954,827
4,flanT5Base,bm25,mmr_l0.45,0.2954397824118011,827
4,flanT5Base,bm25,mmr_l0.55,0.2934032546723345,827
4,flanT5Base,bm25,mmr_l0.7,0.2953923379534333,827
4,flanT5Base,bm25,mmr_l0.85,0.2923224825214461,827
4,flanT5Base,bm25,pl_a1,0.23986786906992832,827
4,flanT5Base,bm25,pl_a2,0.24806214742535412,827
4,flanT5Base,bm25,pl_a4,0.28862362174074846,827
4,flanT5Base,bm25,pl_a8,0.28925535703975547,827
4,flanT5Base,contriever,det,0.33958725019723374,827
4,flanT5Base,contriever,mmr_l0.15,0.3146412873106029,827
4,flanT5Base,contriever,mmr_l0.3,0.3395910672891936,827
4,flanT5Base,contriever,mmr_l0.45,0.329342329597838,827
4,flanT5Base,contriever,mmr_l0.55,0.33598999939123947,827
4,flanT5Base,contriever,mmr_l0.7,0.3391117937022638,827
4,flanT5Base,contriever,mmr_l0.85,0.3362475001505445,827
4,flanT5Base,contriever,pl_a1,0.23494866284090377,827
4,flanT5Base,contriever,pl_a2,0.25247111971411856,827
4,flanT5Base,contriever,pl_a4,0.3400930260489442,827
4,flanT5Base,contriever,pl_a8,0.3410579862752723,827
4,flanT5Small,bm25,det,0.29689018987946153,833
4,flanT5Small,bm25,mmr_l0.15,0.1634459655782317,100
4,flanT5Small,bm25,mmr_l0.3,0.21459536733774803,100
4,flanT5Small,bm25,mmr_l0.45,0.30589246517235547,833
4,flanT5Small,bm25,mmr_l0.55,0.314136760527242,833
4,flanT5Small,bm25,mmr_l0.7,0.20639794073293302,100
4,flanT5Small,bm25,mmr_l0.85,0.3025674137454917,833
4,flanT5Small,bm25,pl_a1,0.2700530817974925,833
4,flanT5Small,bm25,pl_a2,0.28115927627879145,833
4,flanT5Small,bm25,pl_a4,0.3015787533494671,833
4,flanT5Small,bm25,pl_a8,0.2983163628836099,833
4,flanT5Small,contriever,det,0.32602958640373214,833
4,flanT5Small,contriever,mmr_l0.15,0.2530966103298681,100
4,flanT5Small,contriever,mmr_l0.3,0.3019398049170992,100
4,flanT5Small,contriever,mmr_l0.45,0.322304353630191,833
4,flanT5Small,contriever,mmr_l0.55,0.3211994191620845,833
4,flanT5Small,contriever,mmr_l0.7,0.29187765508929275,100
4,flanT5Small,contriever,mmr_l0.85,0.32507410439647766,833
4,flanT5Small,contriever,pl_a1,0.24399619169033687,833
4,flanT5Small,contriever,pl_a2,0.26407451293329753,833
4,flanT5Small,contriever,pl_a4,0.32152084825520316,833
4,flanT5Small,contriever,pl_a8,0.3267439798730404,833
5,flanT5Base,bm25,det,0.5311688244650713,759
5,flanT5Base,bm25,mmr_l0.15,0.5389829820367843,759
5,flanT5Base,bm25,mmr_l0.3,0.5441313403279623,759
5,flanT5Base,bm25,mmr_l0.45,0.5374466772875406,759
5,flanT5Base,bm25,mmr_l0.55,0.5482833553921415,759
5,flanT5Base,bm25,mmr_l0.7,0.5476226784855941,759
5,flanT5Base,bm25,mmr_l0.85,0.5402905025720348,759
5,flanT5Base,bm25,pl_a1,0.5196943829027414,759
5,flanT5Base,bm25,pl_a2,0.5271909341250071,759
5,flanT5Base,bm25,pl_a4,0.5434126910714429,759
5,flanT5Base,bm25,pl_a8,0.5370131552773028,759
5,flanT5Base,contriever,det,0.550489137884847,759
5,flanT5Base,contriever,mmr_l0.15,0.5475912732510535,759
5,flanT5Base,contriever,mmr_l0.3,0.5407323972034879,759
5,flanT5Base,contriever,mmr_l0.45,0.5504579718386489,759
5,flanT5Base,contriever,mmr_l0.55,0.54573982342073,759
5,flanT5Base,contriever,mmr_l0.7,0.5584461674992157,759
5,flanT5Base,contriever,mmr_l0.85,0.560875079575838,759
5,flanT5Base,contriever,pl_a1,0.5217716752876511,759
5,flanT5Base,contriever,pl_a2,0.5251934902389673,759
5,flanT5Base,contriever,pl_a4,0.5467999969377197,759
5,flanT5Base,contriever,pl_a8,0.5523055841006862,759
5,flanT5Small,bm25,det,0.4578611318875436,826
5,flanT5Small,bm25,mmr_l0.15,0.5089699802230201,100
5,flanT5Small,bm25,mmr_l0.3,0.49915827964671494,100
5,flanT5Small,bm25,mmr_l0.45,0.46630275778310565,826
5,flanT5Small,bm25,mmr_l0.55,0.4665585937231752,826
5,flanT5Small,bm25,mmr_l0.7,0.5235261693667844,100
5,flanT5Small,bm25,mmr_l0.85,0.4556280776048398,826
5,flanT5Small,bm25,pl_a1,0.40620645098413843,826
5,flanT5Small,bm25,pl_a2,0.41912987674839797,826
5,flanT5Small,bm25,pl_a4,0.4667365962341061,826
5,flanT5Small,bm25,pl_a8,0.4553298622137122,826
5,flanT5Small,contriever,det,0.4648746890625483,826
5,flanT5Small,contriever,mmr_l0.15,0.4624436725033874,100
5,flanT5Small,contriever,mmr_l0.3,0.46398527039354137,100
5,flanT5Small,contriever,mmr_l0.45,0.44884915850711354,826
5,flanT5Small,contriever,mmr_l0.55,0.4607098879257876,826
5,flanT5Small,contriever,mmr_l0.7,0.4875381248568413,100
5,flanT5Small,contriever,mmr_l0.85,0.45309237008186193,826
5,flanT5Small,contriever,pl_a1,0.4012295657376638,826
5,flanT5Small,contriever,pl_a2,0.4124452911365534,826
5,flanT5Small,contriever,pl_a4,0.46012278972451637,826
5,flanT5Small,contriever,pl_a8,0.4625534327076892,826
6,flanT5Base,bm25,det,0.4730873676410714,783
6,flanT5Base,bm25,mmr_l0.15,0.44565186334546986,783
6,flanT5Base,bm25,mmr_l0.3,0.46375173372537515,783
6,flanT5Base,bm25,mmr_l0.45,0.4639169333414608,783
6,flanT5Base,bm25,mmr_l0.55,0.46747418073132535,783
6,flanT5Base,bm25,mmr_l0.7,0.469700933694696,783
6,flanT5Base,bm25,mmr_l0.85,0.46946665207736316,783
6,flanT5Base,bm25,pl_a1,0.3954503228807658,783
6,flanT5Base,bm25,pl_a2,0.4105242817586211,783
6,flanT5Base,bm25,pl_a4,0.4515896010548404,783
6,flanT5Base,bm25,pl_a8,0.4669372165896865,783
6,flanT5Base,contriever,det,0.44404708206980276,783
6,flanT5Base,contriever,mmr_l0.15,0.42914224966126724,783
6,flanT5Base,contriever,mmr_l0.3,0.42396398126007795,783
6,flanT5Base,contriever,mmr_l0.45,0.4374978067326699,783
6,flanT5Base,contriever,mmr_l0.55,0.4483710637695137,783
6,flanT5Base,contriever,mmr_l0.7,0.43371516974532104,783
6,flanT5Base,contriever,mmr_l0.85,0.4412402199009131,783
6,flanT5Base,contriever,pl_a1,0.39382732746895405,783
6,flanT5Base,contriever,pl_a2,0.40402331441282463,783
6,flanT5Base,contriever,pl_a4,0.4387045386118863,783
6,flanT5Base,contriever,pl_a8,0.44378893298135846,783
6,flanT5Small,bm25,det,0.4419841535094201,760
6,flanT5Small,bm25,mmr_l0.15,0.4449344511874687,100
6,flanT5Small,bm25,mmr_l0.3,0.4095293776194044,100
6,flanT5Small,bm25,mmr_l0.45,0.420140527897288,760
6,flanT5Small,bm25,mmr_l0.55,0.4325382507303942,760
6,flanT5Small,bm25,mmr_l0.7,0.4618076774397657,100
6,flanT5Small,bm25,mmr_l0.85,0.44387638139046826,760
6,flanT5Small,bm25,pl_a1,0.3693537340599019,760
6,flanT5Small,bm25,pl_a2,0.38731185376659844,760
6,flanT5Small,bm25,pl_a4,0.434781378769622,760
6,flanT5Small,bm25,pl_a8,0.4397511923170954,760
6,flanT5Small,contriever,det,0.4236239482375545,760
6,flanT5Small,contriever,mmr_l0.15,0.334848331690841,100
6,flanT5Small,contriever,mmr_l0.3,0.3667661909090463,100
6,flanT5Small,contriever,mmr_l0.45,0.44114191571123634,760
6,flanT5Small,contriever,mmr_l0.55,0.4416662237396999,760
6,flanT5Small,contriever,mmr_l0.7,0.37712550829882446,100
6,flanT5Small,contriever,mmr_l0.85,0.43179025542564287,760
6,flanT5Small,contriever,pl_a1,0.37110812859295583,760
6,flanT5Small,contriever,pl_a2,0.38365980363037067,760
6,flanT5Small,contriever,pl_a4,0.42062903180096767,760
6,flanT5Small,contriever,pl_a8,0.42409233073167146,760
7,flanT5Base,bm25,det,0.6749667309671005,211
7,flanT5Base,bm25,mmr_l0.15,0.6257691132096258,211
7,flanT5Base,bm25,mmr_l0.3,0.6406215516305254,211
7,flanT5Base,bm25,mmr_l0.45,0.6502992148864598,211
7,flanT5Base,bm25,mmr_l0.55,0.6644021365594192,211
7,flanT5Base,bm25,mmr_l0.7,0.6745496487732157,211
7,flanT5Base,bm25,mmr_l0.85,0.6645149069245557,211
7,flanT5Base,bm25,pl_a1,0.6579861820530278,211
7,flanT5Base,bm25,pl_a2,0.6613416863251113,211
7,flanT5Base,bm25,pl_a4,0.6610156924650697,211
7,flanT5Base,bm25,pl_a8,0.6688375939301522,211
7,flanT5Base,contriever,det,0.6454125289455971,211
7,flanT5Base,contriever,mmr_l0.15,0.6428876662236742,211
7,flanT5Base,contriever,mmr_l0.3,0.6496205567130805,211
7,flanT5Base,contriever,mmr_l0.45,0.6393198682586702,211
7,flanT5Base,contriever,mmr_l0.55,0.6366975864799644,211
7,flanT5Base,contriever,mmr_l0.7,0.6378968686874337,211
7,flanT5Base,contriever,mmr_l0.85,0.6435714005650565,211
7,flanT5Base,contriever,pl_a1,0.6537811303266562,211
7,flanT5Base,contriever,pl_a2,0.645679227904279,211
7,flanT5Base,contriever,pl_a4,0.6527944150176775,211
7,flanT5Base,contriever,pl_a8,0.6462531511148156,211
7,flanT5Small,bm25,det,0.5353459166422336,365
7,flanT5Small,bm25,mmr_l0.15,0.4936429138128717,100
7,flanT5Small,bm25,mmr_l0.3,0.5143683880930903,100
7,flanT5Small,bm25,mmr_l0.45,0.5095431568887293,365
7,flanT5Small,bm25,mmr_l0.55,0.5161078866298243,365
7,flanT5Small,bm25,mmr_l0.7,0.5258180922157681,100
7,flanT5Small,bm25,mmr_l0.85,0.5253133093946606,365
7,flanT5Small,bm25,pl_a1,0.5314903276594751,365
7,flanT5Small,bm25,pl_a2,0.5318851678768678,365
7,flanT5Small,bm25,pl_a4,0.5409744438943227,365
7,flanT5Small,bm25,pl_a8,0.5386451154902416,365
7,flanT5Small,contriever,det,0.5301350060660747,365
7,flanT5Small,contriever,mmr_l0.15,0.48222120600583124,100
7,flanT5Small,contriever,mmr_l0.3,0.4847090150410217,100
7,flanT5Small,contriever,mmr_l0.45,0.5086292409060534,365
7,flanT5Small,contriever,mmr_l0.55,0.5186666046473453,365
7,flanT5Small,contriever,mmr_l0.7,0.5082578849856527,100
7,flanT5Small,contriever,mmr_l0.85,0.5223219047435956,365
7,flanT5Small,contriever,pl_a1,0.5256077495277247,365
7,flanT5Small,contriever,pl_a2,0.5248064452817414,365
7,flanT5Small,contriever,pl_a4,0.5319964622163794,365
7,flanT5Small,contriever,pl_a8,0.5293249147236202,365
