lamp_num,generator_name,ranker,mmr_setting,mmr_delta,n_pl_beaten
1,flanT5Base,bm25,mmr_l0.3,-0.03448275862068961,3
1,flanT5Base,bm25,mmr_l0.45,-0.02155172413793105,3
1,flanT5Base,bm25,mmr_l0.55,-0.02155172413793105,3
1,flanT5Base,bm25,mmr_l0.7,-0.008620689655172376,3
1,flanT5Base,bm25,mmr_l0.85,-0.004310344827586188,4
1,flanT5Base,contriever,mmr_l0.3,-0.017241379310344862,2
1,flanT5Base,contriever,mmr_l0.45,-0.012931034482758674,2
1,flanT5Base,contriever,mmr_l0.55,0.008620689655172376,3
1,flanT5Base,contriever,mmr_l0.7,0.004310344827586188,3
1,flanT5Base,contriever,mmr_l0.85,0.0,2
1,flanT5Small,bm25,mmr_l0.3,-0.019607843137254888,2
1,flanT5Small,bm25,mmr_l0.45,-0.03921568627450983,2
1,flanT5Small,bm25,mmr_l0.55,-0.03921568627450983,2
1,flanT5Small,bm25,mmr_l0.7,-0.03921568627450983,2
1,flanT5Small,bm25,mmr_l0.85,0.0,2
1,flanT5Small,contriever,mmr_l0.3,0.019607843137254888,4
1,flanT5Small,contriever,mmr_l0.45,0.0,3
1,flanT5Small,contriever,mmr_l0.55,0.0,3
1,flanT5Small,contriever,mmr_l0.7,0.0,3
1,flanT5Small,contriever,mmr_l0.85,0.019607843137254888,4
2,flanT5Base,bm25,mmr_l0.3,0.01785714285714285,2
2,flanT5Base,bm25,mmr_l0.45,0.007142857142857173,1
2,flanT5Base,bm25,mmr_l0.55,-0.010714285714285676,0
2,flanT5Base,bm25,mmr_l0.7,0.007142857142857173,1
2,flanT5Base,bm25,mmr_l0.85,-0.0035714285714285587,0
2,flanT5Base,contriever,mmr_l0.3,0.0357142857142857,3
2,flanT5Base,contriever,mmr_l0.45,0.024999999999999967,3
2,flanT5Base,contriever,mmr_l0.55,0.021428571428571408,3
2,flanT5Base,contriever,mmr_l0.7,0.0035714285714285587,1
2,flanT5Base,contriever,mmr_l0.85,0.010714285714285676,1
2,flanT5Small,bm25,mmr_l0.3,-0.05333333333333329,0
2,flanT5Small,bm25,mmr_l0.45,0.03645833333333337,4
2,flanT5Small,bm25,mmr_l0.55,0.015625,3
2,flanT5Small,bm25,mmr_l0.7,-0.1033333333333333,0
2,flanT5Small,bm25,mmr_l0.85,-0.005208333333333315,1
2,flanT5Small,contriever,mmr_l0.3,-0.034999999999999976,0
2,flanT5Small,contriever,mmr_l0.45,0.015625,4
2,flanT5Small,contriever,mmr_l0.55,0.005208333333333315,2
2,flanT5Small,contriever,mmr_l0.7,-0.07500000000000001,0
2,flanT5Small,contriever,mmr_l0.85,0.010416666666666685,4
3,flanT5Base,bm25,mmr_l0.3,-0.002645502645502673,0
3,flanT5Base,bm25,mmr_l0.45,0.00022045855379182466,2
3,flanT5Base,bm25,mmr_l0.55,-0.0022045855379189128,0
3,flanT5Base,bm25,mmr_l0.7,0.002645502645502562,2
3,flanT5Base,bm25,mmr_l0.85,0.0017636684303350414,2
3,flanT5Base,contriever,mmr_l0.3,0.001984126984126977,2
3,flanT5Base,contriever,mmr_l0.45,0.0022045855379189128,3
3,flanT5Base,contriever,mmr_l0.55,0.0050705467372134105,4
3,flanT5Base,contriever,mmr_l0.7,0.005511463844797282,4
3,flanT5Base,contriever,mmr_l0.85,0.005511463844797282,4
3,flanT5Small,bm25,mmr_l0.3,-0.023151125401929318,2
3,flanT5Small,bm25,mmr_l0.45,-0.018220793140407365,2
3,flanT5Small,bm25,mmr_l0.55,-0.00937834941050375,2
3,flanT5Small,bm25,mmr_l0.7,-0.013151125401929309,2
3,flanT5Small,bm25,mmr_l0.85,-0.002143622722400873,3
3,flanT5Small,contriever,mmr_l0.3,-0.02267148981779199,0
3,flanT5Small,contriever,mmr_l0.45,-0.005091103965702115,1
3,flanT5Small,contriever,mmr_l0.55,0.003483386923901377,3
3,flanT5Small,contriever,mmr_l0.7,-0.0060048231511254935,1
3,flanT5Small,contriever,mmr_l0.85,0.000535905680600135,2
4,flanT5Base,bm25,mmr_l0.3,0.0036021592186428752,4
4,flanT5Base,bm25,mmr_l0.45,0.004645004228824412,4
4,flanT5Base,bm25,mmr_l0.55,0.0026084764893578583,4
4,flanT5Base,bm25,mmr_l0.7,0.004597559770456616,4
4,flanT5Base,bm25,mmr_l0.85,0.0015277043384694378,4
4,flanT5Base,contriever,mmr_l0.3,3.817091959845698e-06,2
4,flanT5Base,contriever,mmr_l0.45,-0.010244920599395746,2
4,flanT5Base,contriever,mmr_l0.55,-0.0035972508059942676,2
4,flanT5Base,contriever,mmr_l0.7,-0.00047545649496993914,2
4,flanT5Base,contriever,mmr_l0.85,-0.0033397500466892382,2
4,flanT5Small,bm25,mmr_l0.3,-0.0822948225417135,0
4,flanT5Small,bm25,mmr_l0.45,0.009002275292893935,4
4,flanT5Small,bm25,mmr_l0.55,0.017246570647780457,4
4,flanT5Small,bm25,mmr_l0.7,-0.09049224914652851,0
4,flanT5Small,bm25,mmr_l0.85,0.0056772238660301455,4
4,flanT5Small,contriever,mmr_l0.3,-0.024089781486632933,2
4,flanT5Small,contriever,mmr_l0.45,-0.003725232773541143,3
4,flanT5Small,contriever,mmr_l0.55,-0.004830167241647643,2
4,flanT5Small,contriever,mmr_l0.7,-0.03415193131443939,2
4,flanT5Small,contriever,mmr_l0.85,-0.0009554820072544823,3
5,flanT5Base,bm25,mmr_l0.3,0.013027550399470456,4
5,flanT5Base,bm25,mmr_l0.45,0.006300238802480207,3
5,flanT5Base,bm25,mmr_l0.55,0.01713691690708108,4
5,flanT5Base,bm25,mmr_l0.7,0.016453854020522907,4
5,flanT5Base,bm25,mmr_l0.85,0.009121678106963627,3
5,flanT5Base,contriever,mmr_l0.3,-0.009756740681359122,2
5,flanT5Base,contriever,mmr_l0.45,-3.1166046198127795e-05,3
5,flanT5Base,contriever,mmr_l0.55,-0.0047493144641169716,2
5,flanT5Base,contriever,mmr_l0.7,0.007957029614368727,4
5,flanT5Base,contriever,mmr_l0.85,0.010385941690991052,4
5,flanT5Small,bm25,mmr_l0.3,0.041297147759171315,4
5,flanT5Small,bm25,mmr_l0.45,0.008441625895562022,3
5,flanT5Small,bm25,mmr_l0.55,0.008697461835631581,3
5,flanT5Small,bm25,mmr_l0.7,0.0656650374792408,4
5,flanT5Small,bm25,mmr_l0.85,-0.002233054282703817,3
5,flanT5Small,contriever,mmr_l0.3,-0.0008894186690069361,4
5,flanT5Small,contriever,mmr_l0.45,-0.016025530555434764,2
5,flanT5Small,contriever,mmr_l0.55,-0.00416480113676071,3
5,flanT5Small,contriever,mmr_l0.7,0.022663435794292974,4
5,flanT5Small,contriever,mmr_l0.85,-0.01178231898068638,2
6,flanT5Base,bm25,mmr_l0.3,-0.009335633915696251,3
6,flanT5Base,bm25,mmr_l0.45,-0.00917043429961062,3
6,flanT5Base,bm25,mmr_l0.55,-0.0056131869097460485,4
6,flanT5Base,bm25,mmr_l0.7,-0.003386433946375389,4
6,flanT5Base,bm25,mmr_l0.85,-0.0036207155637082433,4
6,flanT5Base,contriever,mmr_l0.3,-0.02008186461931738,2
6,flanT5Base,contriever,mmr_l0.45,-0.006548039146725415,2
6,flanT5Base,contriever,mmr_l0.55,0.004325217890118305,4
6,flanT5Base,contriever,mmr_l0.7,-0.01032213518217101,2
6,flanT5Base,contriever,mmr_l0.85,-0.002806862168889701,3
6,flanT5Small,bm25,mmr_l0.3,-0.03245477589001572,2
6,flanT5Small,bm25,mmr_l0.45,-0.0218436256121321,2
6,flanT5Small,bm25,mmr_l0.55,-0.009445902779025905,2
6,flanT5Small,bm25,mmr_l0.7,0.019823523930345588,4
6,flanT5Small,bm25,mmr_l0.85,0.0018922278810481474,4
6,flanT5Small,contriever,mmr_l0.3,-0.05685775732850823,0
6,flanT5Small,contriever,mmr_l0.45,0.01751796747368184,4
6,flanT5Small,contriever,mmr_l0.55,0.018042275502145377,4
6,flanT5Small,contriever,mmr_l0.7,-0.04649843993873004,1
6,flanT5Small,contriever,mmr_l0.85,0.008166307188088362,4
7,flanT5Base,bm25,mmr_l0.3,-0.03429243343101729,0
7,flanT5Base,bm25,mmr_l0.45,-0.024615914751693557,0
7,flanT5Base,bm25,mmr_l0.55,-0.010514292327837405,3
7,flanT5Base,bm25,mmr_l0.7,-0.00041708219388481016,4
7,flanT5Base,bm25,mmr_l0.85,-0.010451824042544744,3
7,flanT5Base,contriever,mmr_l0.3,0.004277218633148117,2
7,flanT5Base,contriever,mmr_l0.45,-0.006056357430382686,0
7,flanT5Base,contriever,mmr_l0.55,-0.008700518865900175,0
7,flanT5Base,contriever,mmr_l0.7,-0.007501236658430943,0
7,flanT5Base,contriever,mmr_l0.85,-0.0018331631090443556,0
7,flanT5Small,bm25,mmr_l0.3,-0.020977528549143365,0
7,flanT5Small,bm25,mmr_l0.45,-0.025802759753504323,0
7,flanT5Small,bm25,mmr_l0.55,-0.019238030012409313,0
7,flanT5Small,bm25,mmr_l0.7,-0.009527824426465492,0
7,flanT5Small,bm25,mmr_l0.85,-0.010032607247573044,0
7,flanT5Small,contriever,mmr_l0.3,-0.04542599102505296,0
7,flanT5Small,contriever,mmr_l0.45,-0.02150576516002123,0
7,flanT5Small,contriever,mmr_l0.55,-0.011468401418729401,0
7,flanT5Small,contriever,mmr_l0.7,-0.021877121080421946,0
7,flanT5Small,contriever,mmr_l0.85,-0.007813101322479032,0
