lamp_num,generator_name,ranker,method,baseline_eu_norm,n_baseline,Q1 (least diverse)_lo,Q1 (least diverse)_hi,Q1 (least diverse)_delta,Q1 (least diverse)_n,Q1 (least diverse)_sig,Q2_lo,Q2_hi,Q2_delta,Q2_n,Q2_sig,Q3_lo,Q3_hi,Q3_delta,Q3_n,Q3_sig,Q4 (most diverse)_lo,Q4 (most diverse)_hi,Q4 (most diverse)_delta,Q4 (most diverse)_n,Q4 (most diverse)_sig,bin 1/3_lo,bin 1/3_hi,bin 1/3_delta,bin 1/3_n,bin 1/3_sig,bin 2/3_lo,bin 2/3_hi,bin 2/3_delta,bin 2/3_n,bin 2/3_sig,bin 3/3_lo,bin 3/3_hi,bin 3/3_delta,bin 3/3_n,bin 3/3_sig
1,flanT5Base,bm25,pl,0.6810344827586207,232,0.7331072685613105,0.9668507401235535,-0.07112068965517238,232.0,,0.9668507401235535,0.9803912190504138,-0.08318965517241383,232.0,*,0.9803912190504138,0.9902922329725488,-0.12112068965517253,232.0,**,0.9902922329725488,1.0,-0.16465517241379313,232.0,**,,,,,,,,,,,,,,,
1,flanT5Base,bm25,mmr,0.6810344827586207,232,0.7348694304123705,0.9697952161117517,0.052753913145816234,293.0,,0.9697952161117517,0.9835766004490852,-0.0386733716475095,288.0,,0.9835766004490852,0.9949017245849627,0.0017241379310345417,290.0,,0.9949017245849627,1.0,-0.0893389810285169,289.0,*,,,,,,,,,,,,,,,
1,flanT5Base,contriever,pl,0.6422413793103449,232,0.8107823401863673,0.9627995438450937,-0.042241379310344884,232.0,,0.9627995438450937,0.9774502816458304,-0.06077586206896568,232.0,,0.9774502816458304,0.9880073725440863,-0.020689655172413834,232.0,,0.9880073725440863,1.0,-0.0810344827586208,232.0,*,,,,,,,,,,,,,,,
1,flanT5Base,contriever,mmr,0.6422413793103449,232,0.8488435222559756,0.9693382236581136,-0.006502547695224625,291.0,,0.9693382236581136,0.9824080902528992,0.019827586206896508,290.0,,0.9824080902528992,0.9928822848729093,0.06710118124328834,289.0,,0.9928822848729093,1.0,-0.09396551724137936,290.0,*,,,,,,,,,,,,,,,
1,flanT5Small,bm25,pl,0.45098039215686275,51,0.7490016787745377,0.962233383816282,-0.1352941176470588,51.0,,0.962233383816282,0.979725470305863,0.05098039215686273,51.0,,0.979725470305863,0.9904206135601306,0.04705882352941171,51.0,,0.9904206135601306,1.0,-0.07058823529411762,51.0,,,,,,,,,,,,,,,,
1,flanT5Small,bm25,mmr,0.45098039215686275,51,0.9024312373668361,0.9623450936171656,-0.14328808446455504,65.0,,0.9623450936171656,0.9838855146838543,0.0887021475256769,63.0,,0.9838855146838543,0.9967734705825971,0.0021446078431372473,64.0,,0.9967734705825971,1.0,-0.05415499533146595,63.0,,,,,,,,,,,,,,,,
1,flanT5Small,contriever,pl,0.43137254901960786,51,0.8107823401863673,0.9617070343203873,-0.0431372549019608,51.0,,0.9617070343203873,0.9740868139918295,-0.047058823529411764,51.0,,0.9740868139918295,0.9867959825146472,-0.021568627450980427,51.0,,0.9867959825146472,1.0,0.03529411764705881,51.0,,,,,,,,,,,,,,,,
1,flanT5Small,contriever,mmr,0.43137254901960786,51,0.8657467089148702,0.9642865385238157,-0.040747549019607865,64.0,,0.9642865385238157,0.9782389228068682,0.03131401814457124,67.0,,0.9782389228068682,0.9914693283972029,0.018627450980392146,60.0,,0.9914693283972029,1.0,0.021752450980392135,64.0,,,,,,,,,,,,,,,,
2,flanT5Base,bm25,pl,0.3,280,0.9226491822046081,0.9741537259896984,0.021428571428571463,280.0,,0.9741537259896984,0.9836850162901885,-0.0050000000000000044,280.0,,0.9836850162901885,0.9914641568456237,-0.020714285714285685,280.0,,0.9914641568456237,1.0,0.08107142857142857,280.0,*,,,,,,,,,,,,,,,
2,flanT5Base,bm25,mmr,0.3,280,0.9226491822046082,0.9702257489417722,0.03238636363636366,352.0,,0.9702257489417722,0.9811861164546636,-0.01551724137931032,348.0,,0.9811861164546636,0.9908993653529019,-0.06420454545454543,352.0,,0.9908993653529019,1.0,0.06206896551724139,348.0,,,,,,,,,,,,,,,,
2,flanT5Base,contriever,pl,0.30714285714285716,280,0.9488985154926021,0.9831187791890481,0.005357142857142838,280.0,,0.9831187791890481,0.9903835305126814,0.011785714285714288,280.0,,0.9903835305126814,0.9965054056770279,0.054642857142857104,280.0,,0.9965054056770279,1.0,-0.004285714285714282,280.0,,,,,,,,,,,,,,,,
2,flanT5Base,contriever,mmr,0.30714285714285716,280,,,,,,,,,,,,,,,,,,,,,0.948898515492602,0.9848012941211577,-0.0014285714285714457,350.0,,0.9848012941211577,0.9927548701619084,0.06428571428571428,350.0,,0.9927548701619084,1.0,0.0071428571428571175,700.0,
2,flanT5Small,bm25,pl,0.3333333333333333,192,0.9358842726954265,0.9758092159737051,-0.05729166666666663,192.0,,0.9758092159737051,0.9850747917905223,0.011458333333333348,192.0,,0.9850747917905223,0.9930079396454659,-0.059895833333333315,192.0,,0.9930079396454659,1.0,0.128125,192.0,**,,,,,,,,,,,,,,,
2,flanT5Small,bm25,mmr,0.3333333333333333,192,0.9358842726954266,0.9723608802328563,-0.17676767676767674,198.0,**,0.9723608802328563,0.9806954644342043,0.03645833333333337,192.0,,0.9806954644342043,0.9908743962797781,0.03972366148531953,193.0,,0.9908743962797781,1.0,0.07081174438687393,193.0,,,,,,,,,,,,,,,,
2,flanT5Small,contriever,pl,0.375,192,0.9466562231015121,0.9846904044779905,0.015625,192.0,,0.9846904044779905,0.9920412242672526,-0.04062499999999997,192.0,,0.9920412242672526,0.997395934712341,-0.015625,192.0,,0.997395934712341,1.0,0.03229166666666666,192.0,,,,,,,,,,,,,,,,
2,flanT5Small,contriever,mmr,0.375,192,,,,,,,,,,,,,,,,,,,,,0.9466562231015122,0.9847832448491463,-0.051923076923076905,195.0,,0.9847832448491463,0.9955096199663261,0.004487179487179471,195.0,,0.9955096199663261,1.0,0.011010362694300502,386.0,
3,flanT5Base,bm25,pl,0.9226190476190477,378,0.0,0.9422197361228866,0.004629629629629539,378.0,,0.9422197361228866,0.9682924718864718,0.003395061728394877,378.0,,0.9682924718864718,0.9833789656191314,-0.0030643738977071955,378.0,,0.9833789656191314,1.0,0.0009259259259258856,378.0,,,,,,,,,,,,,,,,
3,flanT5Base,bm25,mmr,0.9226190476190477,378,0.0,0.9464932631205525,-0.0031394414305806473,474.0,,0.9464932631205525,0.965820924191297,0.019879183095743436,471.0,*,0.965820924191297,0.9805761732555863,-0.01195520581113807,472.0,,0.9805761732555863,1.0,-0.00489529849994963,473.0,,,,,,,,,,,,,,,,
3,flanT5Base,contriever,pl,0.9268077601410936,378,0.0,0.9472976012463827,-0.0037918871252204944,378.0,,0.9472976012463827,0.9725126922350305,0.002799823633156784,378.0,,0.9725126922350305,0.9872929094751459,-0.0023148148148147696,378.0,,0.9872929094751459,1.0,0.0010361552028217424,378.0,,,,,,,,,,,,,,,,
3,flanT5Base,contriever,mmr,0.9268077601410936,378,0.0,0.9555895401029194,0.009022057017837426,474.0,,0.9555895401029194,0.9731649571201728,0.0037771588159183356,473.0,,0.9731649571201728,0.9890281009667763,0.00027557319223969756,472.0,,0.9890281009667763,1.0,0.0031285455913905302,471.0,,,,,,,,,,,,,,,,
3,flanT5Small,bm25,pl,0.9080921757770632,311,0.0,0.9511915274753271,-0.006162915326902496,311.0,,0.9511915274753271,0.97607217656279,-0.009941050375134042,311.0,,0.97607217656279,0.9888238634056957,-0.019426580921757752,311.0,,0.9888238634056957,1.0,-0.02290996784565935,311.0,*,,,,,,,,,,,,,,,
3,flanT5Small,bm25,mmr,0.9080921757770632,311,0.0,0.9497320651840953,-0.015109719636712371,285.0,,0.9497320651840953,0.9681101929317448,-0.016366823664387242,284.0,,0.9681101929317448,0.9816563924539619,-0.006846624175639748,281.0,,0.9816563924539619,1.0,-0.008209961407216304,283.0,,,,,,,,,,,,,,,,
3,flanT5Small,contriever,pl,0.8968381564844587,311,0.0,0.9583388370959847,0.009565916398713736,311.0,,0.9583388370959847,0.97975449095002,-0.0037245444801715655,311.0,,0.97975449095002,0.9914879411656558,-0.011977491961414843,311.0,,0.9914879411656558,1.0,-0.00431404072883157,311.0,,,,,,,,,,,,,,,,
3,flanT5Small,contriever,mmr,0.8968381564844587,311,0.0,0.963828736245919,0.018663009016706922,286.0,,0.963828736245919,0.9784886184996014,0.0029245955914606325,281.0,,0.9784886184996014,0.9912919850026303,-0.021107162332412055,285.0,,0.9912919850026303,1.0,-0.011903399663581005,281.0,,,,,,,,,,,,,,,,
4,flanT5Base,bm25,pl,0.29079477818297667,827,0.4643290267368865,0.9688670316753187,-0.011354183418276598,827.0,,0.9688670316753187,0.9807224557308234,-0.028158980695815017,827.0,*,0.9807224557308234,0.9895607587355405,-0.035496886602637834,827.0,**,0.9895607587355405,1.0,-0.022360066739390838,827.0,,,,,,,,,,,,,,,,
4,flanT5Base,bm25,mmr,0.29079477818297667,827,0.4643290267368865,0.9656759354916781,0.003490140570328426,1035.0,,0.9656759354916781,0.9793204656056221,0.020752824272648962,1034.0,,0.9793204656056221,0.9901298523048251,-0.00614344029420355,1032.0,,0.9901298523048251,1.0,-0.0045333440606911135,1034.0,,,,,,,,,,,,,,,,
4,flanT5Base,contriever,pl,0.3395872501972337,827,0.5021400860815941,0.9717708893131222,-0.0016387753196969168,827.0,,0.9717708893131222,0.9831139896772811,-0.06002545435352952,827.0,**,0.9831139896772811,0.9917035464236883,-0.05661524058090617,827.0,**,0.9917035464236883,1.0,-0.07149873565556325,827.0,**,,,,,,,,,,,,,,,
4,flanT5Base,contriever,mmr,0.3395872501972337,827,0.5196040394214033,0.9735167026194352,0.02905829054315029,1037.0,*,0.9735167026194352,0.9871169680882207,-0.004870065195124895,1034.0,,0.9871169680882207,0.9978157504510977,-0.033066095182715916,1031.0,*,0.9978157504510977,1.0,-0.005427057672087399,1033.0,,,,,,,,,,,,,,,,
4,flanT5Small,bm25,pl,0.2968901898794616,833,0.4673088841712256,0.9730500549287456,-0.009590804437803857,833.0,,0.9730500549287456,0.9847253183821739,-0.021153354949057956,833.0,,0.9847253183821739,0.9927074432868997,-0.004876419886893579,833.0,,0.9927074432868997,1.0,-0.0008327059347298937,833.0,,,,,,,,,,,,,,,,
4,flanT5Small,bm25,mmr,0.2968901898794616,833,0.4673088841712256,0.9686196592482341,0.00558166027685586,677.0,,0.9686196592482341,0.981269894126245,-0.001758671540661616,673.0,,0.981269894126245,0.9924702578407114,-0.00872124002198943,675.0,,0.9924702578407114,1.0,0.01870526399768141,674.0,,,,,,,,,,,,,,,,
4,flanT5Small,contriever,pl,0.3260295864037321,833,0.5116675136480824,0.9767978755418165,-0.003716103717147201,833.0,,0.9767978755418165,0.9874748125011795,-0.059318510119565904,833.0,**,0.9874748125011795,0.9949114173893179,-0.03309930890161339,833.0,**,0.9949114173893179,1.0,-0.051648890124723845,833.0,**,,,,,,,,,,,,,,,
4,flanT5Small,contriever,mmr,0.3260295864037321,833,0.5303600030464252,0.974862354871957,0.02786326122754723,675.0,,0.974862354871957,0.9889274624369632,-0.011709811792576796,675.0,,0.9889274624369632,0.9993653436051095,0.010819488221489815,674.0,,0.9993653436051095,1.0,-0.047322443606950315,675.0,**,,,,,,,,,,,,,,,
5,flanT5Base,bm25,pl,0.5311688244650712,759,0.41957115808148177,0.9639905713606979,-0.020766006666295467,759.0,,0.9639905713606979,0.9826523867008341,0.0030094816247429046,759.0,,0.9826523867008341,0.9932460833834087,0.0025297735868720084,759.0,,0.9932460833834087,1.0,0.01786261697089009,759.0,,,,,,,,,,,,,,,,
5,flanT5Base,bm25,mmr,0.5311688244650712,759,0.4195711580814818,0.9566672277451687,-0.034312960778649426,949.0,*,0.9566672277451687,0.9761850059253059,0.019710487745980054,951.0,,0.9761850059253059,0.9887773787566666,0.017513086736317685,948.0,,0.9887773787566666,1.0,0.04669600569913368,947.0,**,,,,,,,,,,,,,,,
5,flanT5Base,contriever,pl,0.550489137884847,759,0.41957115808148177,0.9577970846364534,-0.012204709801218017,759.0,,0.9577970846364534,0.9801338851392966,-0.02065084074195156,759.0,,0.9801338851392966,0.9927134397614089,-0.016247581226361274,759.0,,0.9927134397614089,1.0,-0.006782673204832723,759.0,,,,,,,,,,,,,,,,
5,flanT5Base,contriever,mmr,0.550489137884847,759,0.4195711580814818,0.9535627780175336,-0.03444742281826585,953.0,*,0.9535627780175336,0.9732929748709964,-0.021277625045905135,946.0,,0.9732929748709964,0.9862279612427582,0.01713112023378438,947.0,,0.9862279612427582,1.0,0.04175176049960716,949.0,*,,,,,,,,,,,,,,,
5,flanT5Small,bm25,pl,0.4578611318875435,826,0.4310363826760605,0.9679243122824193,-0.008362234507780508,826.0,,0.9679243122824193,0.9864658505260103,-0.008929407606248496,826.0,,0.9864658505260103,0.9955043772117868,-0.02150928438655586,826.0,,0.9955043772117868,1.0,-0.045240814869234536,826.0,**,,,,,,,,,,,,,,,
5,flanT5Small,bm25,mmr,0.4578611318875435,826,0.43103638267606054,0.9555617760362143,0.028159873137789115,670.0,,0.9555617760362143,0.9760784211367715,-0.03573140702208438,669.0,,0.9760784211367715,0.9881124520609931,0.015650195084106644,669.0,,0.9881124520609931,1.0,0.02623256408430219,670.0,,,,,,,,,,,,,,,,
5,flanT5Small,contriever,pl,0.4648746890625483,826,0.4310363826760605,0.9617191763515599,-0.0038210675145592954,826.0,,0.9617191763515599,0.983387993610344,-0.040062202462950836,826.0,*,0.983387993610344,0.9942606904284799,-0.024792189774855422,826.0,,0.9942606904284799,1.0,-0.054472217191404826,826.0,**,,,,,,,,,,,,,,,
5,flanT5Small,contriever,mmr,0.4648746890625483,826,0.43103638267606054,0.9532687600076797,0.007642622737093707,671.0,,0.9532687600076797,0.9722240197971438,-0.033301370270776565,669.0,,0.9722240197971438,0.9862383158387462,-0.030845437251179664,668.0,,0.9862383158387462,1.0,0.020183822679217645,670.0,,,,,,,,,,,,,,,,
6,flanT5Base,bm25,pl,0.4730873676410713,783,0.017518050907301175,0.7796297622046556,-0.027872186191042092,783.0,,0.7796297622046556,0.9207565125783421,-0.05630347237257405,783.0,**,0.9207565125783421,0.9705605725306916,-0.03570285791687372,783.0,*,0.9705605725306916,1.0,-0.04796953179988139,783.0,**,,,,,,,,,,,,,,,
6,flanT5Base,bm25,mmr,0.4730873676410713,783,0.020639746839556328,0.8227368180804624,0.03998995911043868,979.0,*,0.8227368180804624,0.9424910361557938,-0.013849671967389288,981.0,,0.9424910361557938,0.9786529586085673,-0.016822870029850057,978.0,,0.9786529586085673,1.0,-0.03427108465632411,977.0,,,,,,,,,,,,,,,,
6,flanT5Base,contriever,pl,0.44404708206980276,783,0.01685317364594208,0.7795125626499109,-0.0034220662337045016,783.0,,0.7795125626499109,0.9135782996964639,-0.05918281989783014,783.0,**,0.9135782996964639,0.9676200984021884,-0.0338584158052711,783.0,,0.9676200984021884,1.0,0.0006190871326181013,783.0,,,,,,,,,,,,,,,,
6,flanT5Base,contriever,mmr,0.44404708206980276,783,0.01685317364594208,0.8493410783580344,0.023035418343694214,979.0,,0.8493410783580344,0.9415276236390071,-0.04061004792456463,979.0,*,0.9415276236390071,0.9792835749091724,-0.023139171427614347,978.0,,0.9792835749091724,1.0,0.012339671844181055,979.0,,,,,,,,,,,,,,,,
6,flanT5Small,bm25,pl,0.44198415350942005,760,0.017518050907301175,0.8321687226745613,-0.03520289223902934,760.0,,0.8321687226745613,0.9463168811079632,-0.04678991956501127,760.0,*,0.9463168811079632,0.9841018285764874,-0.02433582219332736,760.0,,0.9841018285764874,1.0,-0.03040982112709456,760.0,,,,,,,,,,,,,,,,
6,flanT5Small,bm25,mmr,0.44198415350942005,760,0.02097673343600021,0.8480856881044193,-0.002492258800989633,621.0,,0.8480856881044193,0.9479231975209503,0.008949980192539009,619.0,,0.9479231975209503,0.9803710642664913,-0.01733309110197523,620.0,,0.9803710642664913,1.0,-0.027178874393859465,620.0,,,,,,,,,,,,,,,,
6,flanT5Small,contriever,pl,0.4236239482375545,760,0.017190359675977863,0.8339020728677616,-0.022970206129693582,760.0,,0.8339020728677616,0.9388453393632222,-0.07357279785259357,760.0,**,0.9388453393632222,0.9799563689899548,-0.030055171097246203,760.0,,0.9799563689899548,1.0,0.03159167688528103,760.0,,,,,,,,,,,,,,,,
6,flanT5Small,contriever,mmr,0.4236239482375545,760,0.02013693101975558,0.878279280200549,0.007230452394391296,620.0,,0.878279280200549,0.9528270409442006,-0.027048675849888792,620.0,,0.9528270409442006,0.9846997655259705,-0.017632695676332466,622.0,,0.9846997655259705,1.0,0.07467863050313805,618.0,**,,,,,,,,,,,,,,,
7,flanT5Base,bm25,pl,0.6749667309671006,211,0.0,0.9729428122743542,-0.03245805075490027,211.0,,0.9729428122743542,0.9836660304834404,-0.0018028914007567343,211.0,,0.9836660304834404,0.9917527670696039,0.019003689529420886,211.0,,0.9917527670696039,1.0,-0.03542851646880507,211.0,,,,,,,,,,,,,,,,
7,flanT5Base,bm25,mmr,0.6749667309671006,211,0.0,0.9725406462413567,-0.0683927733869486,265.0,*,0.9725406462413567,0.9860861477331779,0.0825371256711721,265.0,**,0.9860861477331779,0.9952814586924406,0.003360492528563297,265.0,,0.9952814586924406,1.0,-0.08312665863203283,260.0,**,,,,,,,,,,,,,,,
7,flanT5Base,contriever,pl,0.6454125289455971,211,0.0,0.9733894586293201,-0.0013810120045127938,211.0,,0.9733894586293201,0.9847229059172882,-0.00739304050921763,211.0,,0.9847229059172882,0.992899870576847,0.020057992739635044,211.0,,0.992899870576847,1.0,0.005573868355135403,211.0,,,,,,,,,,,,,,,,
7,flanT5Base,contriever,mmr,0.6454125289455971,211,0.0,0.9753843325786765,-0.0006489298101967078,265.0,,0.9753843325786765,0.9898654881207993,-0.04347750161070274,263.0,,0.9898654881207993,0.9999999999999998,-0.006655184943422321,263.0,,0.9999999999999998,1.0,0.03464420513037669,264.0,,,,,,,,,,,,,,,,
7,flanT5Small,bm25,pl,0.5353459166422336,365,0.0,0.9770695424457694,0.029546055722128095,365.0,,0.9770695424457694,0.9869376088354026,-0.009247145496632414,365.0,,0.9869376088354026,0.9941156444452881,-0.030574273025334997,365.0,,0.9941156444452881,1.0,0.011886751151811925,365.0,,,,,,,,,,,,,,,,
7,flanT5Small,bm25,mmr,0.5353459166422336,365,0.0,0.9743348396307584,0.03296634639195817,327.0,,0.9743348396307584,0.9861479022237221,-0.03428673812084704,322.0,,0.9861479022237221,0.9973812674264542,-0.028920939714768168,326.0,,0.9973812674264542,1.0,-0.04207426392414604,320.0,,,,,,,,,,,,,,,,
7,flanT5Small,contriever,pl,0.5301350060660748,365,0.0,0.978560266327448,-0.00012762560881418583,365.0,,0.978560266327448,0.9886776048946944,-0.025151379986321665,365.0,,0.9886776048946944,0.9953946214794425,-0.004377429035467673,365.0,,0.9953946214794425,1.0,0.020851982115770218,365.0,,,,,,,,,,,,,,,,
7,flanT5Small,contriever,mmr,0.5301350060660748,365,0.0,0.9800719238313579,-0.016721811059289604,324.0,,0.9800719238313579,0.9918936394537269,-0.054908603683602175,324.0,*,0.9918936394537269,0.9999999999999998,0.003010303632685285,323.0,,0.9999999999999998,1.0,0.0019082170026021306,324.0,,,,,,,,,,,,,,,,
