lamp_num,generator_name,ranker,method,baseline_eu_norm,n_baseline,Q1_lo,Q1_hi,Q1_delta,Q1_n,Q1_sig,Q2_lo,Q2_hi,Q2_delta,Q2_n,Q2_sig,Q3_lo,Q3_hi,Q3_delta,Q3_n,Q3_sig,Q4_lo,Q4_hi,Q4_delta,Q4_n,Q4_sig
1,flanT5Small,bm25,pl,0.45098039215686275,51,-1e-09,0.9547539129892273,-0.15887512899896805,38,,0.9547539129892273,0.9796671199584241,0.02714460784313727,64,,0.9796671199584241,0.9915697161335959,0.05065895210543231,61,,0.9915697161335959,1.000000001,-0.10463892874222863,41,
1,flanT5Small,bm25,mmr,0.45098039215686275,51,-1e-09,0.9547184849296675,-0.17598039215686273,40,,0.9547184849296675,0.9770866036668914,0.040247678018575817,57,,0.9770866036668914,0.9915243971549463,-0.003611971104231171,76,,0.9915243971549463,1.000000001,-0.024151123864179835,82,
1,flanT5Small,contriever,pl,0.43137254901960786,51,-1e-09,0.9547539129892273,-0.0950089126559715,33,,0.9547539129892273,0.9796671199584241,-0.03923771755893363,89,,0.9796671199584241,0.9915697161335959,0.03321078431372548,48,,0.9915697161335959,1.000000001,0.033333333333333326,34,
1,flanT5Small,contriever,mmr,0.43137254901960786,51,-1e-09,0.9547184849296675,-0.16821465428276577,38,,0.9547184849296675,0.9770866036668914,0.07999108734402849,88,,0.9770866036668914,0.9915243971549463,-0.01346210125841385,67,,0.9915243971549463,1.000000001,0.036369386464263076,62,
1,flanT5Base,bm25,pl,0.6810344827586207,232,-1e-09,0.9547539129892273,-0.03723282986605858,121,,0.9547539129892273,0.9796671199584241,-0.0898490724242742,329,*,0.9796671199584241,0.9915697161335959,-0.12909101986109417,283,**,0.9915697161335959,1.000000001,-0.1615473032714413,195,**
1,flanT5Base,bm25,mmr,0.6810344827586207,232,-1e-09,0.9547184849296675,0.030076628352490475,135,,0.9547184849296675,0.9770866036668914,0.03691423519009729,312,,0.9770866036668914,0.9915243971549463,-0.040683605565638215,342,,0.9915243971549463,1.000000001,-0.061088391114415774,371,
1,flanT5Base,contriever,pl,0.6422413793103449,232,-1e-09,0.9547539129892273,-0.010991379310344884,160,,0.9547539129892273,0.9796671199584241,-0.06320455211487741,353,,0.9796671199584241,0.9915697161335959,-0.024094661163626685,259,,0.9915697161335959,1.000000001,-0.11019009725906281,156,*
1,flanT5Base,contriever,mmr,0.6422413793103449,232,-1e-09,0.9547184849296675,0.03255536865713482,123,,0.9547184849296675,0.9770866036668914,-0.0028474399164054587,330,,0.9770866036668914,0.9915243971549463,0.02788849081952527,385,,0.9915243971549463,1.000000001,-0.055284857571214374,322,
2,flanT5Small,bm25,pl,0.3333333333333333,192,-1e-09,0.9547539129892273,-0.1583333333333333,12,,0.9547539129892273,0.9796671199584241,-0.0317204301075269,248,,0.9796671199584241,0.9915697161335959,-0.03731884057971013,276,,0.9915697161335959,1.000000001,0.10502873563218396,232,*
2,flanT5Small,bm25,mmr,0.3333333333333333,192,-1e-09,0.9547184849296675,-0.16666666666666666,24,,0.9547184849296675,0.9770866036668914,-0.09360730593607305,292,*,0.9770866036668914,0.9915243971549463,0.04213135068153656,269,,0.9915243971549463,1.000000001,0.06980802792321117,191,
2,flanT5Small,contriever,pl,0.375,192,-1e-09,0.9547539129892273,-0.375,2,,0.9547539129892273,0.9796671199584241,-0.005693069306930643,101,,0.9796671199584241,0.9915697161335959,-0.020454545454545503,264,,0.9915697161335959,1.000000001,0.012780548628428923,401,
2,flanT5Small,contriever,mmr,0.375,192,-1e-09,0.9547184849296675,-0.375,3,,0.9547184849296675,0.9770866036668914,-0.05681818181818182,88,,0.9770866036668914,0.9915243971549463,-0.05282426778242677,239,,0.9915243971549463,1.000000001,0.03082959641255606,446,
2,flanT5Base,bm25,pl,0.3,280,-1e-09,0.9547539129892273,-0.024242424242424176,33,,0.9547539129892273,0.9796671199584241,0.01734693877551019,392,,0.9796671199584241,0.9915697161335959,-0.016904761904761922,420,,0.9915697161335959,1.000000001,0.08218181818181824,275,*
2,flanT5Base,bm25,mmr,0.3,280,-1e-09,0.9547184849296675,0.04285714285714287,70,,0.9547184849296675,0.9770866036668914,0.024489795918367363,490,,0.9770866036668914,0.9915243971549463,-0.053451676528599584,507,,0.9915243971549463,1.000000001,0.05135135135135138,333,
2,flanT5Base,contriever,pl,0.30714285714285716,280,-1e-09,0.9547539129892273,-0.03214285714285714,4,,0.9547539129892273,0.9796671199584241,0.015329052969502432,178,,0.9796671199584241,0.9915697161335959,0.002073732718893939,434,,0.9915697161335959,1.000000001,0.030555555555555503,504,
2,flanT5Base,contriever,mmr,0.30714285714285716,280,-1e-09,0.9547184849296675,0.09285714285714286,5,,0.9547184849296675,0.9770866036668914,-0.011090225563909817,152,,0.9770866036668914,0.9915243971549463,0.028889531521110456,494,,0.9915243971549463,1.000000001,0.01862483311081442,749,
3,flanT5Small,bm25,pl,0.9080921757770632,311,-1e-09,0.9547539129892273,-0.00380438507938885,344,,0.9547539129892273,0.9796671199584241,-0.014477152302884821,355,,0.9796671199584241,0.9915697161335959,-0.017266985766205445,307,,0.9915697161335959,1.000000001,-0.026999738802273243,238,*
3,flanT5Small,bm25,mmr,0.9080921757770632,311,-1e-09,0.9547184849296675,-0.014047854447423402,361,,0.9547184849296675,0.9770866036668914,-0.010249536183154606,394,,0.9770866036668914,0.9915243971549463,-0.0022950743277878605,253,,0.9915243971549463,1.000000001,-0.028092175777063244,125,
3,flanT5Small,contriever,pl,0.8968381564844587,311,-1e-09,0.9547539129892273,0.009299027631064716,277,,0.9547539129892273,0.9796671199584241,-0.001867311003409089,343,,0.9796671199584241,0.9915697161335959,-0.012182071828374053,315,,0.9915697161335959,1.000000001,-0.004362428329119039,309,
3,flanT5Small,contriever,mmr,0.8968381564844587,311,-1e-09,0.9547184849296675,0.011368273295574993,197,,0.9547184849296675,0.9770866036668914,0.005775255744338237,338,,0.9770866036668914,0.9915243971549463,-0.01282561729950582,319,,0.9915243971549463,1.000000001,-0.011832182768807598,279,
3,flanT5Base,bm25,pl,0.9226190476190477,378,-1e-09,0.9547539129892273,0.0035018100807574504,513,,0.9547539129892273,0.9796671199584241,-4.209935447663238e-05,509,,0.9796671199584241,0.9915697161335959,-0.0017439082656472982,299,,0.9915697161335959,1.000000001,0.005086013462976768,191,
3,flanT5Base,bm25,mmr,0.9226190476190477,378,-1e-09,0.9547184849296675,0.00054112554112562,616,,0.9547184849296675,0.9770866036668914,0.003620520373097791,679,,0.9770866036668914,0.9915243971549463,-0.007657410790403163,391,,0.9915243971549463,1.000000001,0.0005835667600372352,204,
3,flanT5Base,contriever,pl,0.9268077601410936,378,-1e-09,0.9547539129892273,-0.002292673934196965,464,,0.9547539129892273,0.9796671199584241,0.001846229418936196,447,,0.9796671199584241,0.9915697161335959,-0.004511791606187088,339,,0.9915697161335959,1.000000001,0.0034721380777360533,262,
3,flanT5Base,contriever,mmr,0.9268077601410936,378,-1e-09,0.9547184849296675,0.008716665146262681,464,,0.9547184849296675,0.9770866036668914,0.007544248913801566,589,,0.9770866036668914,0.9915243971549463,-0.009367698269477254,431,,0.9915243971549463,1.000000001,0.007921303898315357,406,
4,flanT5Small,bm25,pl,0.2968901898794616,833,-1e-09,0.9547539129892273,0.003350124304646429,288,,0.9547539129892273,0.9796671199584241,-0.01987912230829375,942,,0.9796671199584241,0.9915697161335959,-0.011250315591834537,1139,,0.9915697161335959,1.000000001,0.000217881926382002,963,
4,flanT5Small,bm25,mmr,0.2968901898794616,833,-1e-09,0.9547184849296675,0.05626135154908568,340,**,0.9547184849296675,0.9770866036668914,-0.013314277196266211,800,,0.9770866036668914,0.9915243971549463,-0.01965913985954193,842,,0.9915243971549463,1.000000001,0.02425560247171349,717,
4,flanT5Small,contriever,pl,0.3260295864037321,833,-1e-09,0.9547539129892273,0.041022375563312896,267,*,0.9547539129892273,0.9796671199584241,-0.03293535092759686,749,*,0.9796671199584241,0.9915697161335959,-0.05013313794575042,1104,**,0.9915697161335959,1.000000001,-0.044587867370830814,1212,**
4,flanT5Small,contriever,mmr,0.3260295864037321,833,-1e-09,0.9547184849296675,0.05477407286694863,244,**,0.9547184849296675,0.9770866036668914,0.0031029573289309,522,,0.9770866036668914,0.9915243971549463,0.0044292344932748695,754,,0.9915243971549463,1.000000001,-0.027201862865113557,1179,*
4,flanT5Base,bm25,pl,0.29079477818297667,827,-1e-09,0.9547539129892273,-0.004124931875011395,377,,0.9547539129892273,0.9796671199584241,-0.022721885053059332,1193,,0.9796671199584241,0.9915697161335959,-0.034277218511803875,1077,**,0.9915697161335959,1.000000001,-0.022611519839364047,661,
4,flanT5Base,bm25,mmr,0.29079477818297667,827,-1e-09,0.9547184849296675,0.021509530713035574,628,,0.9547184849296675,0.9770866036668914,0.014486644184983577,1298,,0.9770866036668914,0.9915243971549463,-0.01605921396494625,1297,,0.9915243971549463,1.000000001,0.002807410875522498,912,
4,flanT5Base,contriever,pl,0.3395872501972337,827,-1e-09,0.9547539129892273,0.027162124231792317,315,,0.9547539129892273,0.9796671199584241,-0.04175827655718878,1054,**,0.9796671199584241,0.9915697161335959,-0.055130243769466625,1100,**,0.9915697161335959,1.000000001,-0.07252223335237523,839,**
4,flanT5Base,contriever,mmr,0.3395872501972337,827,-1e-09,0.9547184849296675,0.02550352994152194,392,,0.9547184849296675,0.9770866036668914,0.03337805409592309,870,*,0.9770866036668914,0.9915243971549463,-0.01444476054276067,1285,,0.9915243971549463,1.000000001,-0.02208707073692745,1588,
5,flanT5Small,bm25,pl,0.4578611318875435,826,-1e-09,0.9547539129892273,0.0032321589478358503,575,,0.9547539129892273,0.9796671199584241,-0.031556864661541506,698,,0.9796671199584241,0.9915697161335959,0.0014796389516716357,812,,0.9915697161335959,1.000000001,-0.041387813832221454,1219,**
5,flanT5Small,bm25,mmr,0.4578611318875435,826,-1e-09,0.9547184849296675,0.02674503691557384,642,,0.9547184849296675,0.9770866036668914,-0.028741262827558678,752,,0.9770866036668914,0.9915243971549463,0.013958990388224568,802,,0.9915243971549463,1.000000001,0.03372740209017361,482,
5,flanT5Small,contriever,pl,0.4648746890625483,826,-1e-09,0.9547539129892273,0.007869203060436203,700,,0.9547539129892273,0.9796671199584241,-0.051492608604333856,743,**,0.9796671199584241,0.9915697161335959,-0.01939416880025796,755,,0.9915697161335959,1.000000001,-0.049120088300763864,1106,**
5,flanT5Small,contriever,mmr,0.4648746890625483,826,-1e-09,0.9547184849296675,-1.3129656033561421e-05,730,,0.9547184849296675,0.9770866036668914,-0.031944361934758636,841,,0.9770866036668914,0.9915243971549463,-0.0034564431932158635,682,,0.9915243971549463,1.000000001,0.011764893060089265,425,
5,flanT5Base,bm25,pl,0.5311688244650712,759,-1e-09,0.9547539129892273,-0.019646446622337832,568,,0.9547539129892273,0.9796671199584241,0.005514227510726499,787,,0.9796671199584241,0.9915697161335959,-0.0033733106620368325,780,,0.9915697161335959,1.000000001,0.012709532601262619,901,
5,flanT5Base,bm25,mmr,0.5311688244650712,759,-1e-09,0.9547184849296675,-0.028794773090067394,883,,0.9547184849296675,0.9770866036668914,0.01954024300268109,1080,,0.9770866036668914,0.9915243971549463,0.030836492095803858,1100,,0.9915243971549463,1.000000001,0.023780571831758412,732,
5,flanT5Base,contriever,pl,0.550489137884847,759,-1e-09,0.9547539129892273,-0.011921180385262908,702,,0.9547539129892273,0.9796671199584241,-0.01874608349047835,797,,0.9796671199584241,0.9915697161335959,-0.0248754216664262,691,,0.9915697161335959,1.000000001,-0.002268454410964016,846,
5,flanT5Base,contriever,mmr,0.550489137884847,759,-1e-09,0.9547184849296675,-0.02804554387984437,1010,,0.9547184849296675,0.9770866036668914,-0.016442540417413554,1186,,0.9770866036668914,0.9915243971549463,0.0320328352736764,1007,,0.9915243971549463,1.000000001,0.03117964775234905,592,
6,flanT5Small,bm25,pl,0.44198415350942005,760,-1e-09,0.9547539129892273,-0.037948867695498434,1645,*,0.9547539129892273,0.9796671199584241,-0.024287659090105995,500,,0.9796671199584241,0.9915697161335959,-0.02712006303745851,394,,0.9915697161335959,1.000000001,-0.037257892522324976,501,
6,flanT5Small,bm25,mmr,0.44198415350942005,760,-1e-09,0.9547184849296675,-0.002121601326129152,1348,,0.9547184849296675,0.9770866036668914,-0.003916388436536411,426,,0.9770866036668914,0.9915243971549463,-0.002121854465195805,291,,0.9915243971549463,1.000000001,-0.04448027439202851,415,
6,flanT5Small,contriever,pl,0.4236239482375545,760,-1e-09,0.9547539129892273,-0.04804818034668096,1749,**,0.9547539129892273,0.9796671199584241,-0.022786683981905087,524,,0.9796671199584241,0.9915697161335959,0.01720082471388079,339,,0.9915697161335959,1.000000001,0.04191698978323799,428,*
6,flanT5Small,contriever,mmr,0.4236239482375545,760,-1e-09,0.9547184849296675,-0.010574613107271813,1267,,0.9547184849296675,0.9770866036668914,-0.04086565583289531,457,,0.9770866036668914,0.9915243971549463,0.07202273136866011,279,**,0.9915243971549463,1.000000001,0.07311500182084363,477,**
6,flanT5Base,bm25,pl,0.4730873676410713,783,-1e-09,0.9547539129892273,-0.031660450484979175,2010,*,0.9547539129892273,0.9796671199584241,-0.07982897089600505,546,**,0.9796671199584241,0.9915697161335959,-0.05492231378705553,286,*,0.9915697161335959,1.000000001,-0.029286608539331016,290,
6,flanT5Base,bm25,mmr,0.4730873676410713,783,-1e-09,0.9547184849296675,0.009963211777813674,2218,,0.9547184849296675,0.9770866036668914,-0.013626880871213554,669,,0.9770866036668914,0.9915243971549463,-0.04948743284454793,416,*,0.9915243971549463,1.000000001,-0.027397423507072527,612,
6,flanT5Base,contriever,pl,0.44404708206980276,783,-1e-09,0.9547539129892273,-0.03115206649732538,2078,*,0.9547539129892273,0.9796671199584241,-0.04939871741503493,524,*,0.9796671199584241,0.9915697161335959,-0.014344987209754856,269,,0.9915697161335959,1.000000001,0.07445097116730132,261,**
6,flanT5Base,contriever,mmr,0.44404708206980276,783,-1e-09,0.9547184849296675,-0.017502789358882664,2225,,0.9547184849296675,0.9770866036668914,0.0015529238821386793,655,,0.9770866036668914,0.9915243971549463,-0.025618979747325632,400,,0.9915243971549463,1.000000001,0.03215590519561834,635,
7,flanT5Small,bm25,pl,0.5353459166422336,365,-1e-09,0.9547539129892273,0.07159865941226728,98,*,0.9547539129892273,0.9796671199584241,0.007112841139994663,351,,0.9796671199584241,0.9915697161335959,-0.024933439979193617,499,,0.9915697161335959,1.000000001,0.006868491085053385,512,
7,flanT5Small,bm25,mmr,0.5353459166422336,365,-1e-09,0.9547184849296675,0.017537218808243993,97,,0.9547184849296675,0.9770866036668914,0.04121719897294496,288,,0.9770866036668914,0.9915243971549463,-0.05896615584481679,416,*,0.9915243971549463,1.000000001,-0.02468434798511654,494,
7,flanT5Small,contriever,pl,0.5301350060660748,365,-1e-09,0.9547539129892273,0.03380207281335579,83,,0.9547539129892273,0.9796671199584241,-0.014870532990434615,304,,0.9796671199584241,0.9915697161335959,-0.012942815714570677,501,,0.9915697161335959,1.000000001,0.00871642568298825,572,
7,flanT5Small,contriever,mmr,0.5301350060660748,365,-1e-09,0.9547184849296675,0.019976522793731966,54,,0.9547184849296675,0.9770866036668914,-0.0337262568258383,216,,0.9770866036668914,0.9915243971549463,-0.04886153950460165,370,*,0.9915243971549463,1.000000001,0.004072129565993343,655,
7,flanT5Base,bm25,pl,0.6749667309671006,211,-1e-09,0.9547539129892273,-0.03219348756438556,81,,0.9547539129892273,0.9796671199584241,-0.028077909572017168,250,,0.9796671199584241,0.9915697161335959,0.02095250478184585,295,,0.9915697161335959,1.000000001,-0.03325016653201229,218,
7,flanT5Base,bm25,mmr,0.6749667309671006,211,-1e-09,0.9547184849296675,-0.10448521419203582,98,**,0.9547184849296675,0.9770866036668914,-0.001217774955105111,252,,0.9770866036668914,0.9915243971549463,0.0690315301691613,348,*,0.9915243971549463,1.000000001,-0.085296049266953,357,**
7,flanT5Base,contriever,pl,0.6454125289455971,211,-1e-09,0.9547539129892273,0.07104226545743952,79,*,0.9547539129892273,0.9796671199584241,-0.02166501346642069,246,,0.9796671199584241,0.9915697161335959,0.010726393772930054,270,,0.9915697161335959,1.000000001,0.0015185768414059941,249,
7,flanT5Base,contriever,mmr,0.6454125289455971,211,-1e-09,0.9547184849296675,0.07739314450864732,81,*,0.9547184849296675,0.9770866036668914,-0.025658135880304633,218,,0.9770866036668914,0.9915243971549463,-0.02757245387570506,266,,0.9915243971549463,1.000000001,0.004996140486991707,490,
